ESTACIÓN,CÓDIGO,X=N,Y=E,MUNICIPIO,CUENCA,ANIO,ENERO,FEBRERO,MARZO,ABRIL,MAYO,JUNIO,JULIO,AGOSTO,SEPTIEMBRE,OCTUBRE,NOVIEMBRE,DICIEMBRE
Venecia,2120629,1027480,964155,Facatativá,R. Bojacá,1985,0,11.1,12.2,11.8,11.8,11.5,10.9,11.3,11.6,12,11.3,11.3
Venecia,2120629,1027480,964155,Facatativá,R. Bojacá,1986,11.8,11.4,11.6,0,0,11.1,11.1,11.4,12.1,12.2,12.5,11.8
Venecia,2120629,1027480,964155,Facatativá,R. Bojacá,1991,13.6,14.3,14.3,14.3,14.4,13.8,12.1,11.5,12.2,11.5,11.1,11.2
Venecia,2120629,1027480,964155,Facatativá,R. Bojacá,1992,13.3,13.8,14.7,14.3,13.9,14,12.7,13.6,12.8,13.1,12.5,12.7
Venecia,2120629,1027480,964155,Facatativá,R. Bojacá,1993,10.199999999999999,10.7,10.7,11.2,11.3,11.6,11.7,12.9,13.1,13.1,12.9,12.7
Venecia,2120629,1027480,964155,Facatativá,R. Bojacá,1994,12.4,12.6,12.8,13.3,13.5,13.8,12.8,12.4,13.1,12.9,11.8,12.6
Venecia,2120629,1027480,964155,Facatativá,R. Bojacá,1995,12.7,12.6,13.4,13,13,11.7,11.3,11.6,11.5,11.4,10.5,10.6
Venecia,2120629,1027480,964155,Facatativá,R. Bojacá,1996,10.7,11.9,12.4,12.5,12,12,12,12.6,12.5,12,11.8,13
Venecia,2120629,1027480,964155,Facatativá,R. Bojacá,1997,13.6,14.2,14.3,14.5,15.2,15.1,14.1,14.8,14.3,0,13.8,14.3
Venecia,2120629,1027480,964155,Facatativá,R. Bojacá,1998,14.1,14.4,14.8,16.2,15.1,15.1,10,9.699999999999999,9.699999999999999,9.699999999999999,9.699999999999999,0
Venecia,2120629,1027480,964155,Facatativá,R. Bojacá,1999,0,11.9,12.6,12.9,13.3,12.9,12.6,12.7,12.7,13,13.5,13.6
Venecia,2120629,1027480,964155,Facatativá,R. Bojacá,2000,12.6,12.4,12.5,12.7,12.6,14.9,14,13.8,13.6,13.8,14,13.8
Venecia,2120629,1027480,964155,Facatativá,R. Bojacá,2001,13.3,13,13.5,14,13.9,12.4,12.2,12.6,11.8,13.1,12.9,13
Venecia,2120629,1027480,964155,Facatativá,R. Bojacá,2002,12.1,13.1,13,12.9,0,12.3,12.5,12.4,11.9,13,0,0
Venecia,2120629,1027480,964155,Facatativá,R. Bojacá,2003,13.2,13.1,12.8,12.6,13.7,13.3,13.3,0,0,0,0,0
Venecia,2120629,1027480,964155,Facatativá,R. Bojacá,2005,0,0,0,0,0,0,0,10.5,10.6,10.9,11.1,10.7
Venecia,2120629,1027480,964155,Facatativá,R. Bojacá,2006,11.8,12.6,11.9,12.1,12.2,12.4,12.1,12.4,13.1,15.2,14.1,14.1
Venecia,2120629,1027480,964155,Facatativá,R. Bojacá,2007,14.4,11.7,11.7,11.2,0,0,0,0,0,0,0,11.9
Venecia,2120629,1027480,964155,Facatativá,R. Bojacá,2008,11.7,11.5,11.2,12,12,13.7,13,13.1,13.5,13.7,13.1,12.7
Venecia,2120629,1027480,964155,Facatativá,R. Bojacá,2009,13.3,12.8,12.4,13.3,12.7,12.3,0,0,14.9,14.4,13.9,13.8
Venecia,2120629,1027480,964155,Facatativá,R. Bojacá,2010,12.8,13.2,13.8,13.1,14.4,0,10,10,11.9,11.1,11,10.5
Venecia,2120629,1027480,964155,Facatativá,R. Bojacá,2011,11.7,12.4,12.7,11.9,12,12.8,12.3,10.6,10.8,11.7,9.5,11.4
Venecia,2120629,1027480,964155,Facatativá,R. Bojacá,2012,10.7,12.3,12.6,12,12.5,12,12,11.6,12.3,12.2,12.7,12.4
Venecia,2120629,1027480,964155,Facatativá,R. Bojacá,2013,12.8,12.5,12.5,12.9,12.3,12.4,12.1,12.1,13.2,11,12,12
Venecia,2120629,1027480,964155,Facatativá,R. Bojacá,2014,12.3,12.9,12.4,12.8,12.5,12.5,12.3,11,11.2,12,13.2,13.4
Venecia,2120629,1027480,964155,Facatativá,R. Bojacá,2015,12.8,13,12.7,11.9,12.9,12.4,12.4,12.3,13,12.8,12.8,13.1
Venecia,2120629,1027480,964155,Facatativá,R. Bojacá,2016,12.8,13.3,13.7,13.1,13.2,12.3,11.6,12.3,11.9,12.5,12.2,11.9
Univ. Fusagasugá,2119514,967023,982265,Fusagasugá,R. Subia,1996,0,0,0,0,0,0,20.9,21.3,21.6,20.3,20.100000000000001,19.7
Univ. Fusagasugá,2119514,967023,982265,Fusagasugá,R. Subia,1997,19,20.2,19.5,18.3,18.7,18.7,19.2,20.6,20.3,19.8,18.7,20.5
Univ. Fusagasugá,2119514,967023,982265,Fusagasugá,R. Subia,1998,21.4,21.5,21.8,20.8,19.8,18.8,18.5,19.7,19.7,20.6,17,15.9
Univ. Fusagasugá,2119514,967023,982265,Fusagasugá,R. Subia,1999,15.6,15.3,17.3,18.399999999999999,18.899999999999999,18.8,18.899999999999999,19.600000000000001,19,18.7,18.7,18.899999999999999
Univ. Fusagasugá,2119514,967023,982265,Fusagasugá,R. Subia,2000,18.7,18.8,19.600000000000001,19,18.100000000000001,18.8,18.7,19.600000000000001,17.600000000000001,17.100000000000001,19.7,20.5
Univ. Fusagasugá,2119514,967023,982265,Fusagasugá,R. Subia,2001,20.9,21.8,20.9,21.1,20.7,21.2,21.8,21.2,20.2,20.2,18.8,18.8
Univ. Fusagasugá,2119514,967023,982265,Fusagasugá,R. Subia,2002,20.100000000000001,20.5,20.399999999999999,17.3,20.399999999999999,19,12.5,12.4,11.9,13,0,0
Univ. Fusagasugá,2119514,967023,982265,Fusagasugá,R. Subia,2003,0,17.8,17.7,17.899999999999999,18.100000000000001,17.3,18.100000000000001,18.399999999999999,19,18,0,18.399999999999999
Univ. Fusagasugá,2119514,967023,982265,Fusagasugá,R. Subia,2004,21.3,22.3,20.7,19.5,19.5,19.8,19.3,21.1,20.3,20,20.6,20.9
Univ. Fusagasugá,2119514,967023,982265,Fusagasugá,R. Subia,2005,21.3,22.3,23,23.1,22.5,20.8,21.6,20.9,21.2,18.600000000000001,18.2,18
Univ. Fusagasugá,2119514,967023,982265,Fusagasugá,R. Subia,2006,16.100000000000001,15.7,0,0,15.9,0,0,0,0,0,0,0
Univ. Fusagasugá,2119514,967023,982265,Fusagasugá,R. Subia,2007,21.1,20.6,19.600000000000001,20,0,0,17.7,16.899999999999999,18.5,17,17.2,16.3
Univ. Fusagasugá,2119514,967023,982265,Fusagasugá,R. Subia,2008,17.399999999999999,17.3,16.8,19,18.399999999999999,17.8,18.2,18.399999999999999,18.2,18,18.100000000000001,18
Univ. Fusagasugá,2119514,967023,982265,Fusagasugá,R. Subia,2009,18.8,18.399999999999999,18.600000000000001,19.100000000000001,19.5,19,19.5,19.7,19.7,18.600000000000001,18.2,18.3
Univ. Fusagasugá,2119514,967023,982265,Fusagasugá,R. Subia,2010,19,0,20.100000000000001,20.7,20.8,18.8,18.3,18.899999999999999,18.8,18.399999999999999,18.100000000000001,18.7
Univ. Fusagasugá,2119514,967023,982265,Fusagasugá,R. Subia,2011,19.399999999999999,18.7,18.600000000000001,18.600000000000001,19,19.5,19.100000000000001,19.899999999999999,20.2,19.5,19.7,20.3
Univ. Fusagasugá,2119514,967023,982265,Fusagasugá,R. Subia,2012,19.2,18.899999999999999,18.100000000000001,18.5,19.3,19.8,19.2,19.399999999999999,20.100000000000001,19.7,19.8,19.2
Univ. Fusagasugá,2119514,967023,982265,Fusagasugá,R. Subia,2013,20.3,19.100000000000001,19.8,20.100000000000001,19,19.399999999999999,0,18.3,18.600000000000001,20,18.899999999999999,18.399999999999999
Univ. Fusagasugá,2119514,967023,982265,Fusagasugá,R. Subia,2014,19.8,19.3,18.600000000000001,18.899999999999999,18.5,19.5,21.2,19.600000000000001,20.100000000000001,19.2,19.600000000000001,21.9
Univ. Fusagasugá,2119514,967023,982265,Fusagasugá,R. Subia,2015,22.1,22.7,22.1,20.3,20,19.399999999999999,20.2,20.6,21.5,19.8,20.399999999999999,20.9
Univ. Fusagasugá,2119514,967023,982265,Fusagasugá,R. Subia,2016,21.4,21.1,21.1,19.8,20.2,19.3,19.5,20.6,19.8,19.600000000000001,19.100000000000001,18.8
Tabio,2120565,1035180,998070,Tabio,R. Chicú,1970,0,0,0,0,0,0,11.9,12.1,11.8,12.4,12.3,12.2
Tabio,2120565,1035180,998070,Tabio,R. Chicú,1971,12.7,12.3,13.5,13,13.4,12.6,12.4,12.5,12.4,12.8,12.8,12.6
Tabio,2120565,1035180,998070,Tabio,R. Chicú,1972,13.1,12.3,13.7,13.2,13.8,13.3,13,12.2,12.8,13.1,13.4,13.5
Tabio,2120565,1035180,998070,Tabio,R. Chicú,1973,14,14.3,14.9,14.6,14.4,14,13.8,13.8,13.7,14,14,13.2
Tabio,2120565,1035180,998070,Tabio,R. Chicú,1974,13,14,13.9,14.4,13.7,13.5,13.4,13.4,13.3,13.6,14.6,13.1
Tabio,2120565,1035180,998070,Tabio,R. Chicú,1975,12.7,13,11.1,11.6,12.2,11.8,11.2,11.7,11.9,11.8,12.4,11.7
Tabio,2120565,1035180,998070,Tabio,R. Chicú,1976,10.8,11.2,0,0,11.3,12.1,11.3,12.1,12.8,13.6,12,11.8
Tabio,2120565,1035180,998070,Tabio,R. Chicú,1977,11.9,11.8,14,14,13.6,13.2,12.7,12.7,13.5,13.9,14,13.5
Tabio,2120565,1035180,998070,Tabio,R. Chicú,1978,13.2,14.4,14,13.9,14.1,13.4,12.8,12.6,13.3,13.4,13.3,12.8
Tabio,2120565,1035180,998070,Tabio,R. Chicú,1979,12.8,0,13.1,12.9,12.4,12,11.6,13.8,14.7,14.3,15.3,14.1
Tabio,2120565,1035180,998070,Tabio,R. Chicú,1980,15,14.4,14.8,15,14.9,14.7,14.1,13.4,14.4,14.5,14.3,14.1
Tabio,2120565,1035180,998070,Tabio,R. Chicú,1981,12.6,11.8,13.8,14.2,14,14,13.5,13.4,13.6,14.1,14.7,13.6
Tabio,2120565,1035180,998070,Tabio,R. Chicú,1982,13.6,13.9,14.6,14.7,14.2,13.7,13.8,13.9,14,14.3,14.5,14.6
Tabio,2120565,1035180,998070,Tabio,R. Chicú,1983,15.1,15.7,14.9,13.9,14.4,13.8,13.2,13.3,13.2,13.3,14.1,13
Tabio,2120565,1035180,998070,Tabio,R. Chicú,1984,12.8,13.9,14.2,14.6,14.6,13.9,14.3,14,14.7,14.8,0,16
Tabio,2120565,1035180,998070,Tabio,R. Chicú,1985,13.9,11.9,13.3,13.5,13.3,13.6,13.4,13,13.2,12.3,12.3,10.7
Tabio,2120565,1035180,998070,Tabio,R. Chicú,1986,13.7,13.2,13.9,14.4,14.2,13.5,14.4,14.9,15.2,15.3,14.3,13.4
Tabio,2120565,1035180,998070,Tabio,R. Chicú,1991,15.5,16.600000000000001,16.7,16.100000000000001,14.6,14.4,14,13.2,13.6,11.1,12.2,12.7
Tabio,2120565,1035180,998070,Tabio,R. Chicú,1992,12.9,13.8,14.5,14.7,13,12,11.8,12.2,12.1,12.5,12.8,14.1
Tabio,2120565,1035180,998070,Tabio,R. Chicú,1993,13.4,14.3,14.3,14.8,15.3,14.7,14.5,14.7,14.5,13.3,14,14
Tabio,2120565,1035180,998070,Tabio,R. Chicú,1994,11.4,11.5,11.8,12.8,13.1,12.4,12.3,12.6,13,13.2,13.4,13.5
Tabio,2120565,1035180,998070,Tabio,R. Chicú,1995,13.7,14.4,13.9,14.5,13.3,13.3,12.9,13.4,12.8,12.5,12.7,13.4
Tabio,2120565,1035180,998070,Tabio,R. Chicú,1996,13.2,14.9,15.5,16.100000000000001,16.7,17.399999999999999,17.7,16.8,12.8,13.5,13.4,13.2
Tabio,2120565,1035180,998070,Tabio,R. Chicú,1997,14.3,14.1,14.7,15.2,14.9,14,14.1,14.1,15.3,0,0,0
Tabio,2120565,1035180,998070,Tabio,R. Chicú,2014,13.5,13.3,14.4,14.4,0,0,0,0,0,0,0,0
Simijaca,2401513,1100820,1024760,Simijaca,R. Simijaca,1985,12,12.3,13.1,12.3,12,12,11,11.4,12,12.6,11.8,11.3
Simijaca,2401513,1100820,1024760,Simijaca,R. Simijaca,1986,12.1,11.6,12.8,12.3,12.4,11.7,12.2,13,12.7,11.8,13.1,12.8
Simijaca,2401513,1100820,1024760,Simijaca,R. Simijaca,1991,15.8,16.3,15.9,15.8,16.399999999999999,16.100000000000001,16.3,16,16.100000000000001,15.4,14.7,13.4
Simijaca,2401513,1100820,1024760,Simijaca,R. Simijaca,1992,13.9,15.1,15.8,16.100000000000001,16,15.9,15.2,15.5,15.5,0,15,15.2
Simijaca,2401513,1100820,1024760,Simijaca,R. Simijaca,1993,15.2,15.4,15.2,15.2,15.1,15.4,15,15.3,15.2,14.7,13.4,13.5
Simijaca,2401513,1100820,1024760,Simijaca,R. Simijaca,1994,12.5,13.1,13,10.8,14.2,13.9,12.9,13.7,13.7,12.9,13.2,13.3
Simijaca,2401513,1100820,1024760,Simijaca,R. Simijaca,1995,12.8,13.5,14.2,14.1,13.8,13.2,12.8,12.3,12.9,12.5,12.4,12.2
Simijaca,2401513,1100820,1024760,Simijaca,R. Simijaca,1996,12.1,13,12.7,13.2,13.1,13.1,13.4,13.4,13.8,13.7,13.5,13.3
Simijaca,2401513,1100820,1024760,Simijaca,R. Simijaca,1997,12.8,13.7,14.6,15,15.6,15,15.8,14.5,15,14.2,13.9,14.5
Simijaca,2401513,1100820,1024760,Simijaca,R. Simijaca,1998,14.3,16.399999999999999,16.600000000000001,0,0,0,0,0,0,0,0,0
Simijaca,2401513,1100820,1024760,Simijaca,R. Simijaca,1999,15.7,16.100000000000001,13.9,14.3,14.1,13.8,13.4,11.9,12.5,14,13.8,14
Simijaca,2401513,1100820,1024760,Simijaca,R. Simijaca,2000,0,0,0,0,0,0,12.1,12.9,13.6,16.2,16.3,14.7
Simijaca,2401513,1100820,1024760,Simijaca,R. Simijaca,2001,18.399999999999999,16.100000000000001,12.9,12.5,15.1,16.399999999999999,15.7,18.899999999999999,18.399999999999999,16.2,14.5,15.6
Simijaca,2401513,1100820,1024760,Simijaca,R. Simijaca,2002,14.3,14.7,15.2,,15.2,0,0,14.8,15,14.6,14.6,15.8
Simijaca,2401513,1100820,1024760,Simijaca,R. Simijaca,2003,15.4,15.5,13.8,14.6,16.5,14.1,13.2,14.2,13.6,14.9,15.1,13.7
Simijaca,2401513,1100820,1024760,Simijaca,R. Simijaca,2005,13.1,14,13.5,12.3,11.4,12.5,12.6,13.2,0,13.4,13.2,12.1
Simijaca,2401513,1100820,1024760,Simijaca,R. Simijaca,2006,12.8,13,13.6,13.4,12.6,13.4,14.8,14.2,14.6,14,14.1,14.6
Simijaca,2401513,1100820,1024760,Simijaca,R. Simijaca,2007,14.8,14,14.4,14.4,0,0,14.2,0,0,0,14.5,14
Simijaca,2401513,1100820,1024760,Simijaca,R. Simijaca,2008,13.5,14.3,13.9,14.3,14.5,13.8,12.9,13.2,13,12.9,13.5,12.7
Simijaca,2401513,1100820,1024760,Simijaca,R. Simijaca,2009,13.3,13.2,12.8,12.3,13.2,13.7,13.5,14,13.6,13.5,13.6,13.4
Simijaca,2401513,1100820,1024760,Simijaca,R. Simijaca,2010,13.8,15.1,15.3,13.8,13.4,13.3,13.1,13.1,12.5,12.7,12.7,12.5
Simijaca,2401513,1100820,1024760,Simijaca,R. Simijaca,2011,12.5,12.9,12.9,13.7,13.8,13.8,13.6,13.6,13.4,12.8,12.8,13.8
Simijaca,2401513,1100820,1024760,Simijaca,R. Simijaca,2012,13,13.3,13.9,13.7,13.7,12.8,13.5,13,12.5,13.4,13.2,13.6
Simijaca,2401513,1100820,1024760,Simijaca,R. Simijaca,2013,13.8,14.2,14.3,14.4,14.4,14.3,13.7,13.2,14.7,13.7,13.6,13.4
Simijaca,2401513,1100820,1024760,Simijaca,R. Simijaca,2014,13.6,14.3,14,14.4,14.1,13.9,14.2,14,14.5,14.4,13.6,14.2
Simijaca,2401513,1100820,1024760,Simijaca,R. Simijaca,2015,13.6,13.8,14.8,15.7,15,14.5,14.5,14.8,14.8,14.9,14.5,14.4
Simijaca,2401513,1100820,1024760,Simijaca,R. Simijaca,2016,15,15.5,15.9,15.8,15.2,14.8,14.4,13.9,14.2,14.5,14,13.7
San Miguel de Sema,2401531,1102290,1040620,San Miguel de Sema,Lag. Fúquene,1991,15.2,15.1,14.8,14.1,14.1,15.2,14.7,12.8,13.6,13.2,13.3,14.2
San Miguel de Sema,2401531,1102290,1040620,San Miguel de Sema,Lag. Fúquene,1993,14.5,14.7,14.5,15.8,16.399999999999999,16.2,15.3,15.7,15.7,15.7,15.4,15.6
San Miguel de Sema,2401531,1102290,1040620,San Miguel de Sema,Lag. Fúquene,1994,15.6,0,16.2,15.9,16.399999999999999,15.5,15,15.7,15.7,13,12.5,12.8
San Miguel de Sema,2401531,1102290,1040620,San Miguel de Sema,Lag. Fúquene,1995,12.6,12.8,12.6,14.2,14.3,14.1,13.5,13.3,14.6,14.3,14.3,13.7
San Miguel de Sema,2401531,1102290,1040620,San Miguel de Sema,Lag. Fúquene,1996,13.9,14,14.1,14.4,14.2,14,14,13.6,14,13.9,13.9,13.5
San Miguel de Sema,2401531,1102290,1040620,San Miguel de Sema,Lag. Fúquene,1997,12.7,13.7,15,14,13.8,12.5,12.7,13.1,13.7,14.8,14,14.4
San Miguel de Sema,2401531,1102290,1040620,San Miguel de Sema,Lag. Fúquene,1998,15.6,15.9,15.5,15.2,14.7,14.4,14,14,14.2,13.7,12.7,12.7
San Miguel de Sema,2401531,1102290,1040620,San Miguel de Sema,Lag. Fúquene,1999,0,16.100000000000001,15.9,17.3,16.100000000000001,15.6,15.7,15.6,14.9,15.5,16.7,17.399999999999999
San Miguel de Sema,2401531,1102290,1040620,San Miguel de Sema,Lag. Fúquene,2000,14.8,15.7,15.9,15.9,16.399999999999999,15.7,14.6,15.5,15.7,15.2,0,0
San Miguel de Sema,2401531,1102290,1040620,San Miguel de Sema,Lag. Fúquene,2001,0,0,0,0,14.7,14.5,14.4,14.9,14.6,15.3,15.2,15.2
San Miguel de Sema,2401531,1102290,1040620,San Miguel de Sema,Lag. Fúquene,2002,15.4,15.9,15.3,14.6,15.4,15.3,15.5,14.7,13.6,12.1,11.7,12.2
San Miguel de Sema,2401531,1102290,1040620,San Miguel de Sema,Lag. Fúquene,2003,14.7,16.7,16,15.2,14.8,14.4,0,0,0,0,0,0
San Miguel de Sema,2401531,1102290,1040620,San Miguel de Sema,Lag. Fúquene,2006,13,13,12,12.1,14.2,13.9,13.3,13.1,13.5,13.6,13.1,12.6
San Miguel de Sema,2401531,1102290,1040620,San Miguel de Sema,Lag. Fúquene,2007,11.3,11.8,13.5,13.4,0,0,21.4,21.7,10.4,11.3,12.5,11.6
San Miguel de Sema,2401531,1102290,1040620,San Miguel de Sema,Lag. Fúquene,2008,11.5,11.2,11.5,13.6,14.3,12.1,11.5,11.8,12.1,12.5,13,12.8
San Miguel de Sema,2401531,1102290,1040620,San Miguel de Sema,Lag. Fúquene,2009,13.2,12.1,10.6,12,13.2,11.2,11,11.8,12.6,12.4,13.2,12.9
San Miguel de Sema,2401531,1102290,1040620,San Miguel de Sema,Lag. Fúquene,2010,13.5,12.9,12,12.4,12.9,11.5,11.1,11.3,13.2,12.5,12.6,12.7
San Miguel de Sema,2401531,1102290,1040620,San Miguel de Sema,Lag. Fúquene,2011,11.9,11.3,10.7,11.6,10.9,11.2,11.4,11.7,12.9,14,14.2,14.3
San Miguel de Sema,2401531,1102290,1040620,San Miguel de Sema,Lag. Fúquene,2012,13.4,13.1,0,13.4,13.8,13.4,13.3,13.1,12.9,13.6,13.8,13.3
San Miguel de Sema,2401531,1102290,1040620,San Miguel de Sema,Lag. Fúquene,2013,0,0,0,0,0,0,0,14.2,14.3,0,0,0
San Miguel de Sema,2401531,1102290,1040620,San Miguel de Sema,Lag. Fúquene,2014,14,14.1,14,13.8,14.1,13.9,13.6,13.2,13.4,13.4,15,13.5
San Miguel de Sema,2401531,1102290,1040620,San Miguel de Sema,Lag. Fúquene,2015,13.4,14.1,12.7,13.9,14.6,12.8,13.8,14.2,14,14,11.6,13.1
Guatavita,2120562,1034500,1023500,Guatavita,Emb. Tominé,2004,0.2,0.2,0.2,0.2,0.1,0.1,0,0,0,0,0.2,0
San Miguel de Sema,2401531,1102290,1040620,San Miguel de Sema,Lag. Fúquene,2016,15,0,15.5,14.6,14.2,14,0,13.8,13.9,13.9,13.7,13.4
La Ramada,2120516,1011430,989110,Funza,R. Bogotá,1938,10.7,11.7,11.3,11.6,11.7,12.2,10.4,11.2,11.2,11.4,11.7,10.7
La Ramada,2120516,1011430,989110,Funza,R. Bogotá,1939,13.3,12.6,14.6,14.7,14.4,14.3,14.1,14.5,14.2,14.6,14.9,14.4
La Ramada,2120516,1011430,989110,Funza,R. Bogotá,1940,13.7,14.9,14,14.5,14.7,14.1,13.1,13.2,14,14.5,14.2,13.6
La Ramada,2120516,1011430,989110,Funza,R. Bogotá,1941,12.8,13.2,13.2,13.3,13.2,12.7,12.3,12.8,12.2,12.7,12.6,12.6
La Ramada,2120516,1011430,989110,Funza,R. Bogotá,1942,9.800000000000001,9.800000000000001,13.2,9.5,13,12,9.699999999999999,10.7,12,11.5,13.4,11.5
La Ramada,2120516,1011430,989110,Funza,R. Bogotá,1943,11.7,10.7,11.7,13.2,13,13.2,11.2,11.2,11.5,12,12,11.7
La Ramada,2120516,1011430,989110,Funza,R. Bogotá,1944,11.2,11.7,12.5,13.5,11,0,0,0,13.5,12,12.7,11
La Ramada,2120516,1011430,989110,Funza,R. Bogotá,1945,12.5,13,13.6,14,14.1,14.3,13.2,13,13,13.5,14,13.1
La Ramada,2120516,1011430,989110,Funza,R. Bogotá,1946,12.4,13,13.6,14,14.1,14.3,13.2,13,13,13.5,14,13.1
La Ramada,2120516,1011430,989110,Funza,R. Bogotá,1947,12.7,12.8,13.1,14,13.5,13.2,13.2,13.1,12.8,13.5,13.4,12.6
La Ramada,2120516,1011430,989110,Funza,R. Bogotá,1948,12.5,12.4,13.5,14.2,14,13.3,12.5,12.2,12.8,13.5,13.4,12.6
La Ramada,2120516,1011430,989110,Funza,R. Bogotá,1949,12.8,13.1,13.4,13.6,13.8,13.2,12.3,13.5,12.4,13.3,11.8,12.3
La Ramada,2120516,1011430,989110,Funza,R. Bogotá,1950,13,13.8,13.6,13.8,14.2,14,12.3,12.7,12.3,13.2,12.8,13
La Ramada,2120516,1011430,989110,Funza,R. Bogotá,1951,0,12.9,13.3,13.7,14.2,12.9,12.7,13.1,0,0,0,0
La Ramada,2120516,1011430,989110,Funza,R. Bogotá,1952,13,12.6,14,14.2,13.9,13.5,13,12.3,12.1,12.9,13.2,13.4
La Ramada,2120516,1011430,989110,Funza,R. Bogotá,1953,12.5,13.1,13.8,13.6,13.2,12.1,11.6,11.5,11.7,13.3,13.9,13.8
La Ramada,2120516,1011430,989110,Funza,R. Bogotá,1954,11.6,12.2,13.4,13.9,13.6,13.1,12.4,12.2,12.4,12.9,12.6,13.1
La Ramada,2120516,1011430,989110,Funza,R. Bogotá,1955,12,12.2,13.2,13.5,13.7,12.5,11.7,11.3,10.8,11.9,12.2,12.2
La Ramada,2120516,1011430,989110,Funza,R. Bogotá,1956,11.7,11.9,12.6,12.3,12.4,11.9,11.6,11.9,12.2,12.4,13.1,12.5
La Ramada,2120516,1011430,989110,Funza,R. Bogotá,1957,11.3,12.4,12.6,12.9,13.8,13.8,13.5,12.9,12.1,12.4,12,12.1
La Ramada,2120516,1011430,989110,Funza,R. Bogotá,1958,12.5,12.4,12.6,13,13,13.2,13.2,13.4,13.2,13.9,13.7,13.3
La Ramada,2120516,1011430,989110,Funza,R. Bogotá,1959,13.1,12.9,13.8,13.6,14,12.9,12.7,12.1,12.3,12.9,12.4,12.2
La Ramada,2120516,1011430,989110,Funza,R. Bogotá,1960,12,12,12.1,12.8,12.7,12.3,11.7,12.1,11.9,11.9,11.9,11.6
La Ramada,2120516,1011430,989110,Funza,R. Bogotá,1961,11.5,10.7,12.4,12.5,12,11.8,11.7,11.4,10.8,12.1,11.8,9.800000000000001
La Ramada,2120516,1011430,989110,Funza,R. Bogotá,1963,9.4,9.9,10.4,11.1,11.7,10.199999999999999,10.1,0,9.699999999999999,10.7,9.800000000000001,10.199999999999999
La Ramada,2120516,1011430,989110,Funza,R. Bogotá,1964,9.199999999999999,10.3,10.3,11.9,12,11.1,10.4,10.4,10.6,10.5,11,10.1
La Ramada,2120516,1011430,989110,Funza,R. Bogotá,1965,9.5,9.6,11.2,10.3,10.6,10.199999999999999,10.1,10,10.6,11,11.1,10.199999999999999
La Ramada,2120516,1011430,989110,Funza,R. Bogotá,1966,10.4,11.1,11.1,11,11.2,11,10.3,10.1,10.3,10.4,10.4,10.6
La Ramada,2120516,1011430,989110,Funza,R. Bogotá,1967,9.199999999999999,9.5,9.6,9.6,10.7,9.300000000000001,9.199999999999999,9.6,8.800000000000001,9.5,10.5,9.300000000000001
La Ramada,2120516,1011430,989110,Funza,R. Bogotá,1968,8.300000000000001,9.300000000000001,9.699999999999999,10.4,10.199999999999999,9.6,9.699999999999999,9.4,9.699999999999999,11.3,11.4,10.1
La Ramada,2120516,1011430,989110,Funza,R. Bogotá,1969,10.8,12.3,11.1,12.3,12.3,11.9,10.5,10.5,13.2,13.7,13.4,12.9
La Ramada,2120516,1011430,989110,Funza,R. Bogotá,1970,12.9,13.6,12.4,13,12.8,12.3,11.8,11.8,11.5,12.5,12.2,11.5
La Ramada,2120516,1011430,989110,Funza,R. Bogotá,1971,11.9,11.7,13,12.5,13,12.1,12.1,11.6,11.3,12,11.7,11.3
La Ramada,2120516,1011430,989110,Funza,R. Bogotá,1972,12.1,11.6,12.7,13.2,14.1,13.7,13,12.7,13.1,12.8,13.5,12.9
La Ramada,2120516,1011430,989110,Funza,R. Bogotá,1973,13.1,13.2,14.2,14.1,13.7,12.7,12.3,12.4,12.2,12.7,13.2,12.8
La Ramada,2120516,1011430,989110,Funza,R. Bogotá,1974,12,13.3,13.4,13.6,13.1,13.3,13,13.1,12.8,12.9,13.9,12.4
La Ramada,2120516,1011430,989110,Funza,R. Bogotá,1975,12.2,13.3,13.5,13.8,13.7,13.4,12.9,13,13.6,13.3,14,13.4
La Ramada,2120516,1011430,989110,Funza,R. Bogotá,1976,12.9,13.9,15,14.9,15.1,14.4,14,13.3,13.8,14.6,14,13.7
La Ramada,2120516,1011430,989110,Funza,R. Bogotá,1977,13.7,14.1,15.5,15.9,15.6,15.1,15,14.8,14.5,13.6,13.5,13.1
La Ramada,2120516,1011430,989110,Funza,R. Bogotá,1978,12.5,13.4,13.5,14.3,14.1,13.4,12.8,13,13.1,13.7,13.8,13.3
La Ramada,2120516,1011430,989110,Funza,R. Bogotá,1979,13.9,13.8,14.8,15.4,15.1,14.9,14.3,14.4,14.5,15.3,15.8,14.8
La Ramada,2120516,1011430,989110,Funza,R. Bogotá,1980,14.9,15.5,15.5,14.6,14.7,14.5,14,13.2,14.3,14.4,14.5,14.5
La Ramada,2120516,1011430,989110,Funza,R. Bogotá,1981,13.8,15.7,16.8,17.600000000000001,17.600000000000001,17.3,16.5,16.5,16.7,17.3,18.100000000000001,17.2
La Ramada,2120516,1011430,989110,Funza,R. Bogotá,1982,17.2,18.3,18.7,18.899999999999999,18.8,18.100000000000001,17.5,17.399999999999999,18.3,18.600000000000001,18.7,18.600000000000001
La Ramada,2120516,1011430,989110,Funza,R. Bogotá,1983,18.600000000000001,18.899999999999999,19.3,19.5,19.7,18.3,18.3,18.3,18.5,18.8,18.8,18.399999999999999
La Ramada,2120516,1011430,989110,Funza,R. Bogotá,1984,14.1,14.8,15.2,15.2,14.9,14.1,13.8,14.3,14.4,14.7,15,14.6
La Ramada,2120516,1011430,989110,Funza,R. Bogotá,1985,14.7,10.9,12.5,12.6,12.2,11.8,11.4,11.7,11.1,11.6,11.3,10.9
La Ramada,2120516,1011430,989110,Funza,R. Bogotá,1986,11.3,11,12.3,13.4,13.1,12.4,12.3,13.2,12.9,13.5,13.1,11.6
La Ramada,2120516,1011430,989110,Funza,R. Bogotá,1987,11.8,10.5,11,10.9,11.6,11.5,11.3,11,11.3,11.7,11.2,12.9
La Ramada,2120516,1011430,989110,Funza,R. Bogotá,1991,13.9,14.4,14.1,14.2,14.6,14.8,12,11.4,13.9,13.1,14,15.8
La Ramada,2120516,1011430,989110,Funza,R. Bogotá,1992,15.1,0,0,0,0,0,0,0,0,0,0,0
La Ramada,2120516,1011430,989110,Funza,R. Bogotá,1993,14.7,15.7,15.8,16.3,15.1,14.9,14.6,14.3,14.1,14.4,15.1,13.7
La Ramada,2120516,1011430,989110,Funza,R. Bogotá,1994,13.9,14.4,14.8,14.7,15.2,14.4,14.7,15,15.4,15.6,16,16.3
La Ramada,2120516,1011430,989110,Funza,R. Bogotá,1995,16.2,15.1,14,14.9,14.6,14.7,14.7,15.1,15.7,15.5,16.3,16.100000000000001
La Ramada,2120516,1011430,989110,Funza,R. Bogotá,1996,14.8,14.1,14.4,14.6,14.5,13.9,13.6,13.5,14.2,14.4,15.1,14.9
La Ramada,2120516,1011430,989110,Funza,R. Bogotá,1997,15.3,16.100000000000001,16.399999999999999,16,16.3,16.100000000000001,15.5,15.8,15.7,16.899999999999999,17,17.100000000000001
La Ramada,2120516,1011430,989110,Funza,R. Bogotá,1998,17.5,14.7,16.2,16.399999999999999,15.9,14.6,14.5,14.8,12.7,12.2,13.3,14.1
La Ramada,2120516,1011430,989110,Funza,R. Bogotá,1999,0,14.4,14.3,14.3,14.1,13.6,13.4,13.4,13.5,14.1,15.3,15.2
La Ramada,2120516,1011430,989110,Funza,R. Bogotá,2000,13.7,13.9,14.3,14.3,15.1,14.9,13.4,13.6,13.7,14.4,14.5,14.4
La Ramada,2120516,1011430,989110,Funza,R. Bogotá,2001,14.3,14.8,14.9,14.9,0,0,0,0,0,0,0,0
La Ramada,2120516,1011430,989110,Funza,R. Bogotá,2003,0,0,0,0,0,0,0,0,0,0,0,14.1
La Ramada,2120516,1011430,989110,Funza,R. Bogotá,2004,14.1,14.5,14.8,14.8,15.9,14.5,14.2,14.5,15,15.6,14.9,14.5
La Ramada,2120516,1011430,989110,Funza,R. Bogotá,2005,14.9,15.4,15,15.6,15.7,15,15.1,15,15,15.2,14.5,14.9
La Ramada,2120516,1011430,989110,Funza,R. Bogotá,2006,14.8,13.2,12.9,15,15.1,15,14.2,14.7,14.6,14.3,13.7,14.4
La Ramada,2120516,1011430,989110,Funza,R. Bogotá,2007,14.9,13.5,14,14.7,0,0,15.2,15,14.9,14.6,14.9,14.4
La Ramada,2120516,1011430,989110,Funza,R. Bogotá,2008,20.6,14.7,13.8,13.9,14,13.7,13.3,13.3,13.4,13.5,14,13.6
La Ramada,2120516,1011430,989110,Funza,R. Bogotá,2009,13.8,13.7,13.6,14.2,14.2,14,13.9,14.7,14.3,14.3,14.8,13.5
La Ramada,2120516,1011430,989110,Funza,R. Bogotá,2010,13.7,15.2,15,14.5,14.4,14.2,13.2,13.2,13,13.7,13.7,13.6
La Ramada,2120516,1011430,989110,Funza,R. Bogotá,2011,12.7,12.7,12.7,13.1,13,14.2,13.7,13.9,13.9,13.1,13.6,14
La Ramada,2120516,1011430,989110,Funza,R. Bogotá,2012,13.3,13.5,13.9,13.6,13.7,13.9,13.3,13.6,13.9,14,14.1,13.7
La Ramada,2120516,1011430,989110,Funza,R. Bogotá,2013,14.2,14.1,0,0,0,0,0,0,0,14.9,14.9,14.9
La Ramada,2120516,1011430,989110,Funza,R. Bogotá,2014,15.3,15.9,15.4,15.3,15,14.8,14.7,15.6,15.6,15.3,14.6,13.9
La Ramada,2120516,1011430,989110,Funza,R. Bogotá,2015,14.5,15.6,16.399999999999999,15.8,16.5,15.3,14.6,14.4,14.3,14.5,14.4,14.9
La Ramada,2120516,1011430,989110,Funza,R. Bogotá,2016,13.9,15.7,15.8,16.2,15,14.5,14.4,15.3,15.3,14.9,14.7,14.2
La Primavera,2120557,1029900,985090,Subachoque,R. Subachoque,1966,11.8,12.5,12.4,12.4,12.6,12,11.6,12,11.1,11.7,12,11.6
La Primavera,2120557,1029900,985090,Subachoque,R. Subachoque,1967,10.8,11.8,11.8,12.2,13.2,12,11.7,12.2,11.8,12,13.1,11.8
La Primavera,2120557,1029900,985090,Subachoque,R. Subachoque,1968,10.6,11.5,11.7,12.6,12.4,11.3,10.5,10.8,11.1,11.6,11.6,10.8
La Primavera,2120557,1029900,985090,Subachoque,R. Subachoque,1969,11.4,11.9,11,12.1,12.4,12,11.6,11.1,12,11.8,11.6,11.3
La Primavera,2120557,1029900,985090,Subachoque,R. Subachoque,1970,11.4,11.6,11.1,13,12.9,12.8,11.8,12.1,11,11.5,11.4,10.9
La Primavera,2120557,1029900,985090,Subachoque,R. Subachoque,1971,11.4,16.899999999999999,13.1,12.5,12.8,12.4,12.2,11.7,11.4,12.2,11.7,11.7
La Primavera,2120557,1029900,985090,Subachoque,R. Subachoque,1972,12.3,11.6,12.5,12.8,13.8,13.2,13.1,12.6,13.2,12.9,13.1,13.1
La Primavera,2120557,1029900,985090,Subachoque,R. Subachoque,1973,13,13.6,15,14.5,13.7,13.3,13,12.9,12.7,13.1,13.4,12.5
La Primavera,2120557,1029900,985090,Subachoque,R. Subachoque,1974,12.3,12.5,12.7,13.3,13,12.7,12.4,12.8,12.1,12.4,13.5,11.6
La Primavera,2120557,1029900,985090,Subachoque,R. Subachoque,1975,11.9,12.4,12.8,12.9,13.1,13.3,12.3,12.3,12.8,12.3,12.9,11.9
La Primavera,2120557,1029900,985090,Subachoque,R. Subachoque,1976,11.7,12.4,13,13.1,13.8,12.9,12.8,12.5,12.9,13,12.5,12
La Primavera,2120557,1029900,985090,Subachoque,R. Subachoque,1977,10.9,12.5,13.8,13.5,13,13.2,12.6,12.7,13,12.8,12.6,12.7
La Primavera,2120557,1029900,985090,Subachoque,R. Subachoque,1978,12.3,12.9,12.8,13.5,12,11.5,10.1,10,10.9,12.5,12.5,11.7
La Primavera,2120557,1029900,985090,Subachoque,R. Subachoque,1979,11.5,11.7,13,13.8,13.1,13.2,12.9,12.8,12.6,13.2,13,11.9
La Primavera,2120557,1029900,985090,Subachoque,R. Subachoque,1980,12.7,12.6,13.8,13.5,13.8,13.5,13.2,12.1,12.9,13.2,12.8,12.1
La Primavera,2120557,1029900,985090,Subachoque,R. Subachoque,1981,11.6,13.3,12.3,12.8,12.4,12.6,11.8,12.1,12.1,11.7,12.1,11.7
La Primavera,2120557,1029900,985090,Subachoque,R. Subachoque,1982,9.9,10.1,10.4,10.8,10.7,10.199999999999999,9.800000000000001,9.800000000000001,10.3,10.3,10.199999999999999,10.4
La Primavera,2120557,1029900,985090,Subachoque,R. Subachoque,1983,10.6,11.2,11.3,11.1,11.4,10.199999999999999,10.3,11,0,0,0,9.800000000000001
La Primavera,2120557,1029900,985090,Subachoque,R. Subachoque,1984,8.6,9.6,9.199999999999999,9.800000000000001,10.7,10.199999999999999,10.1,10.199999999999999,9.4,10.3,9.199999999999999,8.6
La Primavera,2120557,1029900,985090,Subachoque,R. Subachoque,1985,9.9,10,12.1,11.6,0,0,0,0,0,0,0,0
La Primavera,2120557,1029900,985090,Subachoque,R. Subachoque,1991,12.8,13.5,14.1,14.1,13.8,14.7,13.6,13.5,13.4,12.7,12.7,11
La Primavera,2120557,1029900,985090,Subachoque,R. Subachoque,1992,10.8,10.8,11.8,12,11.4,11.5,9.300000000000001,10.7,8.9,8.6,7.6,7.7
La Primavera,2120557,1029900,985090,Subachoque,R. Subachoque,1993,7.7,9.4,9.300000000000001,9.800000000000001,11.7,12.1,11.4,11.8,11.2,12.8,11.8,11.7
La Primavera,2120557,1029900,985090,Subachoque,R. Subachoque,1994,11.2,12.4,12.4,12.7,12.6,12,11.9,11.8,12.3,12.3,11.6,11.8
La Primavera,2120557,1029900,985090,Subachoque,R. Subachoque,1995,11.8,12.2,12.8,13.6,13.1,12.5,11.8,11.9,12,11.8,11.9,10.7
La Primavera,2120557,1029900,985090,Subachoque,R. Subachoque,1996,10.4,11.6,11.5,10.8,10.5,10.4,12.5,12.7,12.8,12.8,12.5,11.9
La Primavera,2120557,1029900,985090,Subachoque,R. Subachoque,1997,12.3,13.5,13.7,13.5,15,14.6,16.600000000000001,15.3,13.9,14.5,14.1,13.6
La Primavera,2120557,1029900,985090,Subachoque,R. Subachoque,1998,14,15.4,15.9,16,15.2,14.4,13.9,13.8,13.2,13.4,13.3,0
La Primavera,2120557,1029900,985090,Subachoque,R. Subachoque,1999,0,0,14.9,15,14.8,14.6,14.4,14.5,14.6,15,14.7,13
La Primavera,2120557,1029900,985090,Subachoque,R. Subachoque,2000,11.2,11.2,12.8,12.7,13.1,12.7,11.6,11.7,11.3,12.2,0,0
La Primavera,2120557,1029900,985090,Subachoque,R. Subachoque,2001,10,11.8,12.5,14.2,11.3,12.8,12.5,13.3,12.4,13.6,13.4,13.6
La Primavera,2120557,1029900,985090,Subachoque,R. Subachoque,2002,12.5,13.5,13.5,13.4,13.5,12.4,11.3,12.8,12.8,12.9,12.1,12.6
La Primavera,2120557,1029900,985090,Subachoque,R. Subachoque,2003,0,0,0,0,0,0,11.5,11.2,10.3,10.199999999999999,9.1,10.5
La Primavera,2120557,1029900,985090,Subachoque,R. Subachoque,2004,10.199999999999999,11.6,13.1,13.8,14,12.4,12.2,8.6,11.6,10.199999999999999,10.9,10.8
La Primavera,2120557,1029900,985090,Subachoque,R. Subachoque,2005,10.7,11.7,12.2,12.2,12.4,11.5,11.6,11.6,11.8,11.6,0,0
La Primavera,2120557,1029900,985090,Subachoque,R. Subachoque,2006,22.8,16.5,13.1,13.4,14.7,14.7,13.3,0,13.1,12.8,12.9,12.4
La Primavera,2120557,1029900,985090,Subachoque,R. Subachoque,2007,12.3,11.7,12,12.7,0,0,10,11.3,12.9,13.3,12.9,12.3
La Primavera,2120557,1029900,985090,Subachoque,R. Subachoque,2008,12,12.6,13.8,12.4,12.8,12.5,12.9,14.6,12.6,12.9,13.1,12.3
La Primavera,2120557,1029900,985090,Subachoque,R. Subachoque,2009,13.5,14,13.3,13.2,12.9,13.4,13.1,0,16.100000000000001,13.5,13.4,12.8
La Primavera,2120557,1029900,985090,Subachoque,R. Subachoque,2010,12.9,14.3,13.2,13.3,12.7,12.7,11.5,12.4,12.6,13,11.4,11.4
La Primavera,2120557,1029900,985090,Subachoque,R. Subachoque,2011,12.7,12.8,13.3,13.9,13.4,13,13.2,13.6,13.6,12.9,12.8,13.4
La Primavera,2120557,1029900,985090,Subachoque,R. Subachoque,2012,12.8,11.9,13,12.8,13.2,13.4,12.2,12.6,13.4,13.3,13.5,13
La Primavera,2120557,1029900,985090,Subachoque,R. Subachoque,2013,13.7,13.4,0,0,0,0,0,0,13.9,13.1,12.6,12.8
La Primavera,2120557,1029900,985090,Subachoque,R. Subachoque,2014,13.2,13.1,12.8,13.3,13.7,13.4,14.1,13.5,14,13.2,13.3,16.100000000000001
La Primavera,2120557,1029900,985090,Subachoque,R. Subachoque,2015,15.3,13.6,13.9,14.4,14.5,13.8,13.7,13.7,13.9,14,16.5,16.100000000000001
La Primavera,2120557,1029900,985090,Subachoque,R. Subachoque,2016,16.7,17.3,0,0,15,13.8,13.9,13.6,13.4,13.7,14,13.2
El Placer,2123502,1007762,928174,Puli,R. Magdalena,2000,0,0,20.100000000000001,20.9,20.9,21.3,22,22.6,22.2,21.8,21.3,21.5
El Placer,2123502,1007762,928174,Puli,R. Magdalena,2001,21.6,23.6,23.5,24,23.7,23.3,23.4,25,23.9,19.399999999999999,20.7,21.2
El Placer,2123502,1007762,928174,Puli,R. Magdalena,2002,23,24.3,22.8,21.9,23.2,22.9,23.3,24.2,23.7,23.7,24,24.8
El Placer,2123502,1007762,928174,Puli,R. Magdalena,2003,24.5,23.3,23.9,23.3,0,0,0,0,0,0,0,0
El Placer,2123502,1007762,928174,Puli,R. Magdalena,2005,0,0,0,0,24.6,24.2,25.4,23.9,21.6,20.7,18.600000000000001,0
El Placer,2123502,1007762,928174,Puli,R. Magdalena,2007,0,0,0,0,0,0,23,22.4,22.9,23.1,23.1,25.2
El Placer,2123502,1007762,928174,Puli,R. Magdalena,2008,0,0,24.4,24.7,24.4,25,25.2,25.2,0,0,24.1,24.5
El Placer,2123502,1007762,928174,Puli,R. Magdalena,2009,25,24.3,23.7,25.3,0,0,0,23.3,23.5,22.9,23.1,23
El Placer,2123502,1007762,928174,Puli,R. Magdalena,2010,23.2,23.6,24,22.8,22.8,22.6,22.5,23.3,22.3,22.5,21.6,22
El Placer,2123502,1007762,928174,Puli,R. Magdalena,2011,22.9,23.2,0,0,0,0,0,0,0,0,19.899999999999999,20.7
El Placer,2123502,1007762,928174,Puli,R. Magdalena,2012,0,20.7,20.6,20.5,21.5,22.5,22.5,22.6,23.4,21.2,20.6,21.3
El Placer,2123502,1007762,928174,Puli,R. Magdalena,2013,22.5,21.3,22,22.7,21,22.1,21.7,21.5,22,21.3,19.7,19.899999999999999
El Placer,2123502,1007762,928174,Puli,R. Magdalena,2014,20.5,20.7,21.3,22.8,21.8,22.6,22.9,22.9,23.2,21.6,22.3,23.1
El Placer,2123502,1007762,928174,Puli,R. Magdalena,2015,23.3,21.9,21.4,21.8,22.4,22,23.3,24,25.1,23.9,0,24.1
El Placer,2123502,1007762,928174,Puli,R. Magdalena,2016,23.1,23.4,21.4,21.7,22,21.7,22,23.4,0,0,20,20.8
Novilleros,2401519,1080650,1032380,Ubaté,R. Ubaté,1966,12.2,12.7,13.1,13.2,13.6,12.9,12.2,12.3,12.1,12.9,13,12.2
Novilleros,2401519,1080650,1032380,Ubaté,R. Ubaté,1967,10.7,12.2,12,11.6,12.5,11.4,11.2,11.1,10.6,11.4,12.2,11.2
Novilleros,2401519,1080650,1032380,Ubaté,R. Ubaté,1968,10.9,12.7,12.7,13.3,12.7,11.8,12.6,12.2,12.3,12.4,12.1,10.9
Novilleros,2401519,1080650,1032380,Ubaté,R. Ubaté,1969,9.6,11.5,12.1,13,12.8,12.2,11.5,11.5,12.3,12.2,13.2,13.2
Novilleros,2401519,1080650,1032380,Ubaté,R. Ubaté,1970,12.8,13.4,13.1,13.7,16.399999999999999,15.9,12,11.5,11.3,12.3,12,12
Novilleros,2401519,1080650,1032380,Ubaté,R. Ubaté,1971,12.7,12.1,13.2,12.5,12.8,12.1,12.3,12,11,11.5,11.4,11.3
Novilleros,2401519,1080650,1032380,Ubaté,R. Ubaté,1972,12.1,12,12.5,12.6,13.6,12.9,12.2,11.9,12.3,12.3,12.8,12.5
Novilleros,2401519,1080650,1032380,Ubaté,R. Ubaté,1973,12.9,13.8,14.6,14.3,13.7,13,12.6,12.3,11.7,12.4,14.1,13.3
Novilleros,2401519,1080650,1032380,Ubaté,R. Ubaté,1974,13.1,13.4,11.9,12,11.2,11.3,11,11.3,10.8,10.7,12.2,10.3
Novilleros,2401519,1080650,1032380,Ubaté,R. Ubaté,1975,10,11,10.7,11.1,11.1,10.8,10.7,11.6,11.5,11,11.2,10.3
Novilleros,2401519,1080650,1032380,Ubaté,R. Ubaté,1976,10.1,10.199999999999999,10.9,9.199999999999999,9.4,10.6,11.1,11.2,10.4,11.7,10.8,10.8
Novilleros,2401519,1080650,1032380,Ubaté,R. Ubaté,1977,10.4,11.5,12.6,12.2,11.6,11.8,11.4,11.8,11.8,0,0,0
Novilleros,2401519,1080650,1032380,Ubaté,R. Ubaté,1978,0,0,0,13.7,13,11.9,10.8,10.6,10.8,11.6,11.5,11.9
Novilleros,2401519,1080650,1032380,Ubaté,R. Ubaté,1979,11.4,11.2,13,12.9,12.8,12.6,11.5,11.4,10.9,12.4,12.5,11.3
Novilleros,2401519,1080650,1032380,Ubaté,R. Ubaté,1980,11,11.8,12.1,12.6,12,11.5,11.2,10.5,12,11.6,11.9,11.6
Novilleros,2401519,1080650,1032380,Ubaté,R. Ubaté,1981,11.5,12.8,12.6,13.1,13.3,12.3,11.6,12,11.8,12.6,12.9,11.5
Novilleros,2401519,1080650,1032380,Ubaté,R. Ubaté,1982,11.9,12.8,13.1,12.8,12.7,11.7,11.4,11.2,12,12.6,12.2,12.7
Novilleros,2401519,1080650,1032380,Ubaté,R. Ubaté,1983,13.1,13.4,13.7,13.6,13.6,12,12.3,12.1,11.9,12.2,12.4,12
Novilleros,2401519,1080650,1032380,Ubaté,R. Ubaté,1984,0,13.2,13.6,13.6,13.6,12.7,12.5,12.8,12.6,13.2,12.8,12.4
Novilleros,2401519,1080650,1032380,Ubaté,R. Ubaté,1985,11.4,10.5,12.6,11.8,12.3,11.3,11,10.8,11.4,12,10.8,9.6
Novilleros,2401519,1080650,1032380,Ubaté,R. Ubaté,1986,10.199999999999999,11.3,13.8,12.1,11.9,13.2,12.5,11.4,11.8,12.6,12.7,11.8
Novilleros,2401519,1080650,1032380,Ubaté,R. Ubaté,1987,12.5,12.1,13.5,14.1,14.1,12.2,12.6,11.9,12.6,13,12.7,11.9
Novilleros,2401519,1080650,1032380,Ubaté,R. Ubaté,1991,14.4,15.3,14.9,13.9,14.1,13.7,12.7,12.5,13.7,12.8,13.5,13.3
Novilleros,2401519,1080650,1032380,Ubaté,R. Ubaté,1992,12.5,13.8,15.6,14.7,13.7,12.9,12.2,12.5,12.7,13,13.4,13.5
Novilleros,2401519,1080650,1032380,Ubaté,R. Ubaté,1993,12.5,13.4,12.7,14.3,14.3,13.2,12,11.9,11.2,11.8,13.2,13.4
Novilleros,2401519,1080650,1032380,Ubaté,R. Ubaté,1994,13.2,13.3,13.8,13.3,13.3,13.1,12,11.2,12.3,13.2,12.7,12.6
Novilleros,2401519,1080650,1032380,Ubaté,R. Ubaté,1995,11.8,13.4,14,13.6,13.6,13.6,13,13,13.8,15.4,0,0
Novilleros,2401519,1080650,1032380,Ubaté,R. Ubaté,1996,0,0,0,15.6,15.2,15.1,14.9,14.6,14.7,14.6,14.7,14.4
Novilleros,2401519,1080650,1032380,Ubaté,R. Ubaté,1997,14.8,15,16.100000000000001,15.5,15.5,15.4,15.2,15.1,15.6,15.4,15.4,15.2
Novilleros,2401519,1080650,1032380,Ubaté,R. Ubaté,1998,14.5,15.5,15.2,16.600000000000001,15.5,14.3,15,14.8,14.7,15.7,15.6,15.8
Novilleros,2401519,1080650,1032380,Ubaté,R. Ubaté,1999,11.6,11.4,15.2,15.5,15,14.9,14.4,14,15,15.5,14.3,0
Novilleros,2401519,1080650,1032380,Ubaté,R. Ubaté,2000,0,15.5,16.2,15.5,14.7,14.7,14.1,15.4,14.3,15,15.6,13.5
Novilleros,2401519,1080650,1032380,Ubaté,R. Ubaté,2001,13.6,13.1,13.5,15,14.7,14.3,13.6,13.8,13.1,14.3,13.6,14.2
Novilleros,2401519,1080650,1032380,Ubaté,R. Ubaté,2002,14.2,14.4,14.4,14,14.2,13.9,13.4,12.9,13.3,13.3,13.2,18.600000000000001
Novilleros,2401519,1080650,1032380,Ubaté,R. Ubaté,2003,17.3,15.7,15.1,15.5,14.9,13.2,13.6,13.5,13.6,13.7,13.7,15
Novilleros,2401519,1080650,1032380,Ubaté,R. Ubaté,2004,14.4,15.1,15.3,15.1,15.1,13,13.1,13.8,13.7,14.1,15.3,14.3
Novilleros,2401519,1080650,1032380,Ubaté,R. Ubaté,2005,13.1,14.1,14.8,14.5,13.8,15.1,16.100000000000001,15.2,16.3,16.600000000000001,14.3,13.9
Novilleros,2401519,1080650,1032380,Ubaté,R. Ubaté,2006,15.2,15.4,14.5,13.2,13.7,13.6,13.1,13.3,13.4,13.2,13.7,12.6
Novilleros,2401519,1080650,1032380,Ubaté,R. Ubaté,2007,13.4,12.6,13.5,13.1,0,0,11.9,12.3,12,13,13.3,13.5
Novilleros,2401519,1080650,1032380,Ubaté,R. Ubaté,2008,13.1,13.1,13.2,12.4,12.8,13.1,13.2,13.6,13.3,12.9,14.6,14.3
Novilleros,2401519,1080650,1032380,Ubaté,R. Ubaté,2009,14.2,13.5,13.9,14.2,12.8,12.6,11.9,12.1,12.6,12.8,13.1,13.3
Novilleros,2401519,1080650,1032380,Ubaté,R. Ubaté,2010,13.2,15.3,15.4,14.6,14.4,14,14.4,14,13.1,13.7,13.9,13.3
Novilleros,2401519,1080650,1032380,Ubaté,R. Ubaté,2011,12.9,13.1,12.5,13.5,13.3,13.6,12.1,12.6,12.6,12.8,12.7,12.9
Novilleros,2401519,1080650,1032380,Ubaté,R. Ubaté,2012,13.2,12.3,14.2,13.4,14,13.5,13.4,13.3,12.9,13.5,13.5,12.6
Novilleros,2401519,1080650,1032380,Ubaté,R. Ubaté,2013,13.3,13.2,0,0,0,0,0,0,11.2,10.6,9.4,13.8
Novilleros,2401519,1080650,1032380,Ubaté,R. Ubaté,2014,14.3,13.8,14.3,14.1,14.1,13.6,13.4,13.2,12.4,14.5,11.8,13.7
Novilleros,2401519,1080650,1032380,Ubaté,R. Ubaté,2015,13.1,12.7,13.7,14.3,11.7,11.9,8.300000000000001,9.9,13.6,14.2,13.9,13
Novilleros,2401519,1080650,1032380,Ubaté,R. Ubaté,2016,14.6,16.5,15.6,15.1,15,14.3,13.8,14.2,14,14.2,14.5,13.9
Mesitas,2120646,997800,959500,El Colegio,R. Bogotá,1991,23.6,23.8,22.9,23.2,23.2,23,23,23.1,24.1,22.9,21.8,22.3
Mesitas,2120646,997800,959500,El Colegio,R. Bogotá,1992,22.4,22.4,23.1,23.7,24,23.5,22.1,23,22.6,22.9,23.2,22.3
Mesitas,2120646,997800,959500,El Colegio,R. Bogotá,1993,22.2,0,22.7,21.9,22,22.4,22.4,23.8,23.6,23.2,21.6,22.5
Mesitas,2120646,997800,959500,El Colegio,R. Bogotá,1994,22.3,21.7,21.9,21.8,21.6,21.7,21.1,21.6,22.2,21.3,20.8,21.5
Mesitas,2120646,997800,959500,El Colegio,R. Bogotá,1995,22.4,23.3,23.1,23.1,0,22.3,22.2,22,22.5,21.6,23.7,23
Mesitas,2120646,997800,959500,El Colegio,R. Bogotá,1996,23.4,23,23,23.4,23.4,23,23.1,23.6,23.8,23.1,22.8,22.6
Mesitas,2120646,997800,959500,El Colegio,R. Bogotá,1997,22.5,23.3,23.4,22.3,23.4,23.6,23.6,24.9,24.2,24.1,22.9,24.5
Mesitas,2120646,997800,959500,El Colegio,R. Bogotá,1998,25.5,26.2,25.8,24.5,24.1,23.5,23.5,23.9,24.5,24.8,24.4,23.7
Mesitas,2120646,997800,959500,El Colegio,R. Bogotá,1999,21.6,21.5,22.3,23,23.6,21.9,22.7,23.1,21.6,21.4,22,22.3
Mesitas,2120646,997800,959500,El Colegio,R. Bogotá,2000,23.3,23.8,24.7,23.1,0,0,0,0,20.100000000000001,21,20.8,20.9
Mesitas,2120646,997800,959500,El Colegio,R. Bogotá,2001,21.6,22.3,21.4,22.2,21.9,22.3,23.4,23.6,22.9,22.6,22.8,24.6
Mesitas,2120646,997800,959500,El Colegio,R. Bogotá,2002,0,25.4,25.7,23.5,23.7,22.8,24.3,0,0,0,0,0
Mesitas,2120646,997800,959500,El Colegio,R. Bogotá,2003,0,0,0,0,0,0,0,25.4,25.2,25.1,24.8,25.1
Mesitas,2120646,997800,959500,El Colegio,R. Bogotá,2004,25,25.5,25.7,24.8,25,25.1,25,24.7,22.2,21.8,22.1,22.3
Mesitas,2120646,997800,959500,El Colegio,R. Bogotá,2005,22.6,23.1,23.1,23.4,23.1,23.4,23.8,23.8,24.6,23.2,23.4,0
Mesitas,2120646,997800,959500,El Colegio,R. Bogotá,2006,24.6,25,24.3,23.9,24.1,23.5,22.2,23.1,24.3,24.3,23.6,24.6
Mesitas,2120646,997800,959500,El Colegio,R. Bogotá,2007,25.8,26.5,25,24.6,0,0,21.3,20.8,22.7,21.7,21.9,21.6
Mesitas,2120646,997800,959500,El Colegio,R. Bogotá,2008,22.3,22.6,22.6,22.4,22.1,22.3,22.8,23.1,23.7,23.2,23.1,24.5
Mesitas,2120646,997800,959500,El Colegio,R. Bogotá,2009,24.6,23.7,21.4,22.2,22.5,22.3,22.5,23.6,24.5,23.6,23.2,23.4
Mesitas,2120646,997800,959500,El Colegio,R. Bogotá,2010,25,25.6,24.2,23.7,24.6,23.8,23.5,24,23.7,23.8,22.8,24.2
Mesitas,2120646,997800,959500,El Colegio,R. Bogotá,2011,24.2,22.8,22.6,22.4,22.2,22.7,23.1,23.3,23.1,21.8,21.7,21.7
Mesitas,2120646,997800,959500,El Colegio,R. Bogotá,2012,21.9,22.9,24.2,23.2,24.3,24,23.5,23.9,24.2,23.3,23.3,23.2
Mesitas,2120646,997800,959500,El Colegio,R. Bogotá,2013,24.3,23.2,23.7,24.3,22.6,23.8,23.4,25.5,25.7,24.9,23.1,17.7
Mesitas,2120646,997800,959500,El Colegio,R. Bogotá,2014,23.2,23.5,23.3,23.6,22.9,23.2,24.3,24.2,24.7,23.3,23.1,22.9
Mesitas,2120646,997800,959500,El Colegio,R. Bogotá,2015,23.4,0,22.8,23.5,23.5,22.5,24.3,25.2,26.1,23.5,20.8,23.6
Mesitas,2120646,997800,959500,El Colegio,R. Bogotá,2016,23.9,23.1,24.4,24,24.3,24.1,23.4,24.8,25,24.4,23.2,22.3
La Mesa,2120639,1003360,957190,La Mesa,R. Apulo,1991,22.1,22,0,22.2,21.5,21.9,21.2,21.3,22.1,21.4,20.100000000000001,20.5
La Mesa,2120639,1003360,957190,La Mesa,R. Apulo,1992,21.8,21.8,22.9,21.8,21.6,22.4,21.9,22.9,22.5,21.9,20.6,21.3
La Mesa,2120639,1003360,957190,La Mesa,R. Apulo,1993,21.4,21.8,20,20.5,21.9,23.2,23.2,24.2,23.2,23,21.6,22.8
La Mesa,2120639,1003360,957190,La Mesa,R. Apulo,1994,22.4,20.7,20.3,20.7,20.3,20.5,20.5,21.8,23.7,22.3,21.6,22.9
La Mesa,2120639,1003360,957190,La Mesa,R. Apulo,1995,24.1,24.6,22.5,22.6,22.1,21.1,20.9,21.6,22,21,21.4,20.7
La Mesa,2120639,1003360,957190,La Mesa,R. Apulo,1996,21,20.9,20.6,22,21.6,21.4,21.9,22.2,23.3,20.8,21.2,21.9
La Mesa,2120639,1003360,957190,La Mesa,R. Apulo,1997,21.5,21.7,23.5,21.1,22,21.7,23.2,24.2,23.9,23.1,22.2,23
La Mesa,2120639,1003360,957190,La Mesa,R. Apulo,1998,0,0,0,0,0,0,0,0,25.3,24.1,23.1,22.5
La Mesa,2120639,1003360,957190,La Mesa,R. Apulo,1999,22.4,21.8,22,21.9,0,0,21.2,22.7,24.1,23.7,22.4,0
La Mesa,2120639,1003360,957190,La Mesa,R. Apulo,2000,21.7,0,21.3,20.5,21.5,0,0,0,20.100000000000001,20.8,20.100000000000001,20.9
La Mesa,2120639,1003360,957190,La Mesa,R. Apulo,2001,21.7,21.9,21.3,22.1,21.7,23.2,21.8,22.8,22,22.2,20.3,22.2
La Mesa,2120639,1003360,957190,La Mesa,R. Apulo,2002,21.8,24.1,23.5,22.4,23,22.1,23.2,23.7,24.1,23.9,21.5,21.6
La Mesa,2120639,1003360,957190,La Mesa,R. Apulo,2003,23,22.4,21.7,21.9,22.5,22.7,23.3,23.9,23.3,22.4,22.2,22.9
La Mesa,2120639,1003360,957190,La Mesa,R. Apulo,2004,23.1,24.6,24.4,22.7,22.7,23.3,22.7,22.9,23.6,23,23.1,23.3
La Mesa,2120639,1003360,957190,La Mesa,R. Apulo,2005,23.7,23.7,24.1,24.2,23.9,24.3,24,24.2,23.9,24.3,24,0
La Mesa,2120639,1003360,957190,La Mesa,R. Apulo,2006,23.1,22.9,23.7,22.8,23.4,24.5,23.6,24.8,24.1,23.2,22.3,21.8
La Mesa,2120639,1003360,957190,La Mesa,R. Apulo,2007,23.8,24.2,23.4,22.7,0,0,23.3,23.2,23.8,22.6,22.4,22.2
La Mesa,2120639,1003360,957190,La Mesa,R. Apulo,2008,22.4,22.7,22.6,22.4,22.2,0,22.7,22.6,22.3,22.5,21.5,22
La Mesa,2120639,1003360,957190,La Mesa,R. Apulo,2009,21.9,22.1,21.6,22.2,22.6,22.2,23.2,24,24.6,23.2,22.8,22.7
La Mesa,2120639,1003360,957190,La Mesa,R. Apulo,2010,24,25,23.8,22.9,22.9,22,21.8,22.7,22.6,22.4,21.6,21.6
La Mesa,2120639,1003360,957190,La Mesa,R. Apulo,2011,23,22.7,0,0,0,0,0,23,23.1,22.1,22.1,22.4
La Mesa,2120639,1003360,957190,La Mesa,R. Apulo,2012,22.7,23,23.2,22.3,22.3,23.5,23.7,24.3,25.2,23.8,23.5,23.3
La Mesa,2120639,1003360,957190,La Mesa,R. Apulo,2013,24.7,22.1,0,0,0,0,0,23.5,24.2,23.4,22.2,22.1
La Mesa,2120639,1003360,957190,La Mesa,R. Apulo,2014,23.2,23.4,23.2,24.3,24.1,24.7,25.1,25.2,24.9,23.4,24.1,25.6
La Mesa,2120639,1003360,957190,La Mesa,R. Apulo,2016,0,25.5,25,23.6,23.9,23.7,23.7,25.4,24.2,23.4,23.2,23
La Iberia,2120548,1048900,1038800,Chocontá,Emb. Sisga,1966,10.9,11.6,12.6,11.7,12.2,11.8,10.8,10.1,10.4,12.1,12.9,12.2
La Iberia,2120548,1048900,1038800,Chocontá,Emb. Sisga,1967,10.7,9.9,9.6,10,13.3,11.7,10.4,11.2,11.2,11.4,12.3,11.1
La Iberia,2120548,1048900,1038800,Chocontá,Emb. Sisga,1968,10,11.1,11.1,12.3,13,12.2,10.199999999999999,10.7,10.8,12.6,12.5,11.2
La Iberia,2120548,1048900,1038800,Chocontá,Emb. Sisga,1969,11.5,12.9,12.5,13.9,13.5,12.6,11.8,12,12.6,13.3,12.3,10.4
La Iberia,2120548,1048900,1038800,Chocontá,Emb. Sisga,1970,10.4,11.8,11.9,12.4,12.6,12.6,12.1,12.2,11.6,11.8,11.8,11
La Iberia,2120548,1048900,1038800,Chocontá,Emb. Sisga,1971,11.3,11.2,12.2,12,12,11.3,11.1,10.9,11.2,11.6,11.2,10.7
La Iberia,2120548,1048900,1038800,Chocontá,Emb. Sisga,1972,11.5,11,12,11.7,12.4,11.9,11.6,11.1,11.4,11.2,12.3,11.8
La Iberia,2120548,1048900,1038800,Chocontá,Emb. Sisga,1973,11.5,12.1,13.9,12.8,12,12,11.5,11.9,11.8,12.2,12.5,11.2
La Iberia,2120548,1048900,1038800,Chocontá,Emb. Sisga,1974,10.8,11.8,12.2,12.2,11.2,11.3,11,11.2,11.1,11.4,12.3,10.1
La Iberia,2120548,1048900,1038800,Chocontá,Emb. Sisga,1975,10.9,11.8,12,12.4,12.1,11.8,11.6,11.2,11.5,11.5,12,12.2
La Iberia,2120548,1048900,1038800,Chocontá,Emb. Sisga,1976,11.5,11.7,13,12.8,12.8,12,11.9,11.7,11.9,13.2,12.7,11.9
La Iberia,2120548,1048900,1038800,Chocontá,Emb. Sisga,1977,11.6,12.9,13.8,14,13.1,13,12.7,12.6,13.1,13.6,13.7,12.5
La Iberia,2120548,1048900,1038800,Chocontá,Emb. Sisga,1978,11.4,12.5,12.8,13.6,13.2,12.3,12.2,11.9,12.1,12.6,12.7,11.7
La Iberia,2120548,1048900,1038800,Chocontá,Emb. Sisga,1979,12.4,12.2,13.3,13.2,12.4,12,11.5,11.6,11.7,12.5,12.7,12
La Iberia,2120548,1048900,1038800,Chocontá,Emb. Sisga,1980,0,12.4,12.4,11.7,11.4,11.4,11.1,11.1,11.4,11.9,12.6,11.7
La Iberia,2120548,1048900,1038800,Chocontá,Emb. Sisga,1981,12,12.6,13.4,13,13,12.3,11.1,12.2,11.1,12.1,13.3,12.2
La Iberia,2120548,1048900,1038800,Chocontá,Emb. Sisga,1982,12.4,13.4,13.4,12.7,12.9,12,11.5,11.5,12.3,12.4,12.8,12.7
La Iberia,2120548,1048900,1038800,Chocontá,Emb. Sisga,1983,13.1,13.5,13.2,13.3,13.3,12,11.4,11.4,11.2,11.3,11.8,11.7
La Iberia,2120548,1048900,1038800,Chocontá,Emb. Sisga,1984,11.5,12.2,13,13.1,12.6,11.6,11.1,11.4,11.1,11.8,12.1,11.5
La Iberia,2120548,1048900,1038800,Chocontá,Emb. Sisga,1985,12.2,11.3,13.3,14.2,12.5,12.6,13.3,13.3,12.5,12.1,12,11.8
La Iberia,2120548,1048900,1038800,Chocontá,Emb. Sisga,1986,11.7,12.1,12.2,13.6,12.2,12.2,11.8,11.8,12,12,12,11.7
La Iberia,2120548,1048900,1038800,Chocontá,Emb. Sisga,1987,12.1,13.5,13.6,13.5,13.4,12.7,12.8,12.4,12.8,13.3,13.2,12.5
La Iberia,2120548,1048900,1038800,Chocontá,Emb. Sisga,1991,13.4,14.3,14.1,14.2,14.2,13.8,13.2,12,13.4,12.2,12.6,12.1
La Iberia,2120548,1048900,1038800,Chocontá,Emb. Sisga,1992,12.5,13.4,14.2,13.6,12.6,11.2,10.5,10.8,10.199999999999999,10.6,11.5,11.1
La Iberia,2120548,1048900,1038800,Chocontá,Emb. Sisga,1993,10.8,11.2,11.3,11.6,12,10.8,10.3,10.8,11,11.9,12.4,11.6
La Iberia,2120548,1048900,1038800,Chocontá,Emb. Sisga,1994,11.5,11.8,12.2,12.4,12.7,12,12.6,12.7,13.2,13.8,13.9,13.7
La Iberia,2120548,1048900,1038800,Chocontá,Emb. Sisga,1995,13.5,14.2,14.5,14.6,13.7,13.7,12.9,13.4,13.2,13.6,13,11.8
La Iberia,2120548,1048900,1038800,Chocontá,Emb. Sisga,1996,11.5,11.4,12.4,12.7,12.2,11.9,11.7,11.8,11.7,12.4,11.4,10.7
La Iberia,2120548,1048900,1038800,Chocontá,Emb. Sisga,1997,11.6,11.2,11.7,12.1,11.9,11.7,10.5,10.7,11.4,13.1,12.3,11.8
La Iberia,2120548,1048900,1038800,Chocontá,Emb. Sisga,1998,12.8,13.8,13.9,14,13.8,12,11.6,11.9,12.6,13.5,13.2,13.2
La Iberia,2120548,1048900,1038800,Chocontá,Emb. Sisga,1999,0,13.5,11.7,11.7,11.6,11.6,10.4,10.7,11.2,11.7,12.5,12
La Iberia,2120548,1048900,1038800,Chocontá,Emb. Sisga,2000,11.7,10,10,10,10.4,10.3,9.800000000000001,9.699999999999999,10.3,10.4,11.3,10.199999999999999
La Iberia,2120548,1048900,1038800,Chocontá,Emb. Sisga,2001,9.6,13.7,12.3,11.5,12.8,12.5,12.7,12.6,13.5,14.3,14.4,15.3
La Iberia,2120548,1048900,1038800,Chocontá,Emb. Sisga,2002,11.7,13.9,13.3,12.9,14.1,14.4,0,0,0,0,0,12
La Iberia,2120548,1048900,1038800,Chocontá,Emb. Sisga,2003,11.8,13.5,12.5,13.3,11.3,11.5,11.4,11.3,11.9,12.9,13.4,12.8
La Iberia,2120548,1048900,1038800,Chocontá,Emb. Sisga,2004,13.2,8.5,12.7,13.7,14.4,12.8,12.6,12.9,10.199999999999999,11.5,11.9,11.8
La Iberia,2120548,1048900,1038800,Chocontá,Emb. Sisga,2005,11.9,12.1,13.3,12.4,10.8,10.1,11.9,11.5,12.3,13.5,14.3,13.4
La Iberia,2120548,1048900,1038800,Chocontá,Emb. Sisga,2006,14.9,15.3,10.6,9.6,12.2,14.4,12.1,0,13.1,13.1,0,12.5
La Iberia,2120548,1048900,1038800,Chocontá,Emb. Sisga,2007,10.3,9.800000000000001,10.4,12.1,0,0,0,0,0,13.5,12.1,12.7
La Iberia,2120548,1048900,1038800,Chocontá,Emb. Sisga,2008,13.1,8.300000000000001,8.699999999999999,13.8,14.7,13.6,14.8,14.2,10.9,11.7,13.4,9.6
La Iberia,2120548,1048900,1038800,Chocontá,Emb. Sisga,2009,9.6,9.300000000000001,9.9,10.199999999999999,9.9,0,0,0,0,0,0,13
La Iberia,2120548,1048900,1038800,Chocontá,Emb. Sisga,2010,13,14.2,14.1,14.7,14.6,14.2,14.4,12.2,12.7,13.2,13.6,17
La Iberia,2120548,1048900,1038800,Chocontá,Emb. Sisga,2011,16.7,15,12.2,12.4,12.5,12.5,11.6,12.4,12.2,13.3,13.5,13.8
La Iberia,2120548,1048900,1038800,Chocontá,Emb. Sisga,2012,13.4,13.2,14,13.6,13,12.5,13,13.8,12.2,13.4,12.8,13.2
La Iberia,2120548,1048900,1038800,Chocontá,Emb. Sisga,2013,13.8,14.1,0,0,0,0,0,11.2,0,0,14.4,12.8
La Iberia,2120548,1048900,1038800,Chocontá,Emb. Sisga,2014,11.9,13.1,13.3,12.4,12.8,12.1,11.7,11.4,11.9,12.3,14.2,14.8
La Iberia,2120548,1048900,1038800,Chocontá,Emb. Sisga,2015,14.9,14.8,13.9,13.7,12.1,12,12.1,12.2,13.5,0,12.7,11.8
Guatavita,2120562,1034500,1023500,Guatavita,Emb. Tominé,1968,0,0,0,0,13.2,11.6,10.4,10.199999999999999,10.7,13,13.7,12.9
Guatavita,2120562,1034500,1023500,Guatavita,Emb. Tominé,1969,13.1,14.2,14.7,14.9,14.3,13.8,11.8,12.1,12.7,12.7,13.1,12.8
Guatavita,2120562,1034500,1023500,Guatavita,Emb. Tominé,1970,12.8,14.2,14,14.6,14.2,13.5,13,12.9,13.1,13.6,13.8,13
Guatavita,2120562,1034500,1023500,Guatavita,Emb. Tominé,1971,13.4,13.5,14.1,13.7,14.1,12.9,12.8,13,12.8,13.6,13.2,13.3
Guatavita,2120562,1034500,1023500,Guatavita,Emb. Tominé,1972,13.2,13.9,14.7,14.3,14.8,14.2,13.6,13.9,14.2,14.5,14.7,14.7
Guatavita,2120562,1034500,1023500,Guatavita,Emb. Tominé,1973,14.5,15,15.6,14.9,14.5,14.2,13.4,13.6,13.3,13.5,14.1,13.1
Guatavita,2120562,1034500,1023500,Guatavita,Emb. Tominé,1974,13.3,14.4,14.4,14.3,13.8,13.6,13.1,13.5,13.7,13.8,14.6,13.8
Guatavita,2120562,1034500,1023500,Guatavita,Emb. Tominé,1975,13.2,13.9,13.7,14.3,13.6,13.4,13.1,13.2,13.7,13.4,13.9,13.2
Guatavita,2120562,1034500,1023500,Guatavita,Emb. Tominé,1976,13.8,14.2,14.8,14,14.5,13.6,13.2,13.1,14.1,14.8,14.5,14.4
Guatavita,2120562,1034500,1023500,Guatavita,Emb. Tominé,1977,14.3,14.8,15.4,15.5,15,14.4,14.2,14.6,14.9,15.5,15.1,14.6
Guatavita,2120562,1034500,1023500,Guatavita,Emb. Tominé,1978,14.2,15.3,14.9,15,14.7,14.2,13.9,14,14,14.8,14.7,14.9
Guatavita,2120562,1034500,1023500,Guatavita,Emb. Tominé,1979,15.2,15.1,15.6,16,15.7,15.5,14.9,15.2,14.7,15.6,15.8,15.2
Guatavita,2120562,1034500,1023500,Guatavita,Emb. Tominé,1980,14.2,14.1,14.5,14.6,14.4,13.7,13.5,12.8,13.8,13.3,14.2,13.8
Guatavita,2120562,1034500,1023500,Guatavita,Emb. Tominé,1981,14.2,15.9,15.6,15.4,15.2,15,14.2,14.1,13.4,14.1,15,13.9
Guatavita,2120562,1034500,1023500,Guatavita,Emb. Tominé,1982,14.3,15.2,15.2,15.4,15.1,13.8,13.5,13.8,14.2,14.1,14.3,14.3
Guatavita,2120562,1034500,1023500,Guatavita,Emb. Tominé,1983,14,14.3,15,14.6,14.9,13.7,13.5,13.5,13.7,13.5,13.9,13.5
Guatavita,2120562,1034500,1023500,Guatavita,Emb. Tominé,1984,0,13.2,14.2,14.2,13.8,13,12.7,13,13,13.6,13.4,13
Guatavita,2120562,1034500,1023500,Guatavita,Emb. Tominé,1985,13.3,12.5,14.2,0,0,12.2,12.3,12.9,13.1,13.1,13.2,13.2
Guatavita,2120562,1034500,1023500,Guatavita,Emb. Tominé,1986,12.9,13.2,13.5,14.2,13.8,13.1,12.4,13,13.2,12.2,12.4,12
Guatavita,2120562,1034500,1023500,Guatavita,Emb. Tominé,1991,11.6,11.9,12.1,11.9,11.7,11.3,10.4,10.6,11.1,10.7,11.2,11.6
Guatavita,2120562,1034500,1023500,Guatavita,Emb. Tominé,1992,11.2,12.1,12.7,14.2,14.1,13.1,11.6,13.5,13.9,14,14.4,14.8
Guatavita,2120562,1034500,1023500,Guatavita,Emb. Tominé,1993,14,14.4,14.4,14.6,14.5,13.6,13.2,13.5,13.5,13.9,14.5,14.8
Guatavita,2120562,1034500,1023500,Guatavita,Emb. Tominé,1994,14.8,14.7,14.8,15.1,15.1,14.6,14.3,14.2,14.7,14.7,13.9,14.7
Guatavita,2120562,1034500,1023500,Guatavita,Emb. Tominé,1995,14.5,14.8,14.9,15.2,14.5,15.1,14.6,13.7,14.2,14.3,14,0
Guatavita,2120562,1034500,1023500,Guatavita,Emb. Tominé,1996,16.399999999999999,15.8,16.8,0,16.7,15.7,13.9,14.7,15.1,15.1,15,14.3
Guatavita,2120562,1034500,1023500,Guatavita,Emb. Tominé,1997,14.4,14.6,15.4,15.2,15.1,0,0,0,14,15.4,14.4,13.9
Guatavita,2120562,1034500,1023500,Guatavita,Emb. Tominé,1998,14.8,15.2,15.4,15.5,15,14,14,14.8,13.7,13.2,13.1,13.5
Guatavita,2120562,1034500,1023500,Guatavita,Emb. Tominé,1999,0,15.6,15,16.399999999999999,15.2,14.4,13.9,13.9,12.8,13.6,13.6,13.5
Guatavita,2120562,1034500,1023500,Guatavita,Emb. Tominé,2000,12.5,12.5,14,14.3,14,13.9,13.3,13.5,13.8,14,14.4,14
Guatavita,2120562,1034500,1023500,Guatavita,Emb. Tominé,2001,13.4,13.4,13.5,0,13.6,13.5,12.6,13,13.6,13.8,14,14.6
Guatavita,2120562,1034500,1023500,Guatavita,Emb. Tominé,2002,13.1,14.5,15.1,14.7,14,13.9,13.1,12.7,13,13.3,12.9,12.5
Guatavita,2120562,1034500,1023500,Guatavita,Emb. Tominé,2003,11.1,0,11.9,12.9,13,3,1.7,1.7,1.9,1.8,1.7,1.6
Guatavita,2120562,1034500,1023500,Guatavita,Emb. Tominé,2005,0,0.2,0.2,0.2,0.2,0.2,0.2,0.2,0.2,0.3,0.3,0.3
Guatavita,2120562,1034500,1023500,Guatavita,Emb. Tominé,2006,69.099999999999994,38.6,13.8,14.8,16,15.3,12,10.4,13.7,14.5,13.6,14.8
Guatavita,2120562,1034500,1023500,Guatavita,Emb. Tominé,2007,0,0,0,14.7,0,0,0,0,0,13.4,13.5,14.1
Guatavita,2120562,1034500,1023500,Guatavita,Emb. Tominé,2008,13.7,14,14.2,14.8,14.8,14.5,12.8,13.6,13.5,13.9,14.4,14
Guatavita,2120562,1034500,1023500,Guatavita,Emb. Tominé,2009,14.4,12.8,14.6,13,0,12.7,0,0,0,0,14.4,13.7
Guatavita,2120562,1034500,1023500,Guatavita,Emb. Tominé,2010,14.1,15,14.6,13.8,14.1,14.3,14.1,13.7,14,13.5,14,13.9
Guatavita,2120562,1034500,1023500,Guatavita,Emb. Tominé,2011,13.5,14.3,12.4,12.7,13.4,12.6,12.8,13,0,13.1,13.6,13.2
Guatavita,2120562,1034500,1023500,Guatavita,Emb. Tominé,2012,13.4,13.2,13.5,13.5,13.6,13.2,13.2,13.5,12.8,13.5,14,13.3
Guatavita,2120562,1034500,1023500,Guatavita,Emb. Tominé,2013,13.9,14.5,0,0,14.6,13.8,13.2,15.8,16.2,16.399999999999999,16.100000000000001,13.5
Guatavita,2120562,1034500,1023500,Guatavita,Emb. Tominé,2014,15.2,17.5,17.399999999999999,16.7,15.2,14.2,14.1,14,14.8,14.8,15.5,15.1
Guatavita,2120562,1034500,1023500,Guatavita,Emb. Tominé,2015,15.3,15.6,16.600000000000001,15.9,15,13.3,12.8,12.3,12.6,0,14.9,13.7
Guatavita,2120562,1034500,1023500,Guatavita,Emb. Tominé,2016,15.3,16.3,16.3,16.399999999999999,16.5,14.4,15.2,14.8,14.6,15,14.6,13.8
Guaduas,2306517,1015420,942300,Guaduas,R. Negro,2000,0,21.4,21.5,22.2,22.3,0,21.9,24.1,21.4,22.7,22.3,21.9
Guaduas,2306517,1015420,942300,Guaduas,R. Negro,2001,21.3,22.7,22,22.8,21.8,0,24,28.2,25.4,21.9,23.7,24.3
Guaduas,2306517,1015420,942300,Guaduas,R. Negro,2002,24.8,25.7,24.3,0,0,0,0,0,0,0,0,0
Guaduas,2306517,1015420,942300,Guaduas,R. Negro,2003,0,0,0,24.2,24.9,23.5,25,25.4,23.3,22.4,23,22.7
Guaduas,2306517,1015420,942300,Guaduas,R. Negro,2004,21.8,23.4,23.9,21.8,23.3,24.4,23.1,25.1,21.7,0,0,22.9
Guaduas,2306517,1015420,942300,Guaduas,R. Negro,2005,22.5,22.3,0,22.7,23.1,23.7,24.4,24.2,25,14.1,14,14.1
Guaduas,2306517,1015420,942300,Guaduas,R. Negro,2006,0,0,0,0,0,0,24.4,24.2,23.1,22.1,19.8,20.8
Guaduas,2306517,1015420,942300,Guaduas,R. Negro,2007,21.1,23.9,21.4,20.6,0,0,24.4,24.2,23.2,23.9,22.4,25.4
Guaduas,2306517,1015420,942300,Guaduas,R. Negro,2008,22,23.9,22.5,22.2,0,21.6,22.8,22.4,23.4,22.7,22.1,22.2
Guaduas,2306517,1015420,942300,Guaduas,R. Negro,2009,21.5,20.5,21.2,23.3,23.3,0,0,0,25.7,23.4,22,22.6
Guaduas,2306517,1015420,942300,Guaduas,R. Negro,2010,23.4,24.2,24,24,23.2,22.9,22.7,22.6,22.5,22.4,22.8,22.4
Guaduas,2306517,1015420,942300,Guaduas,R. Negro,2011,22.7,23.4,22.9,23.2,23.1,23.7,24.1,24.2,23.1,22.5,23.2,23.5
Guaduas,2306517,1015420,942300,Guaduas,R. Negro,2012,23.1,0,0,23,23.2,24,25.1,24.8,25,22.9,22.8,22.9
Guaduas,2306517,1015420,942300,Guaduas,R. Negro,2013,23.8,23,0,0,0,0,25,25.2,26.6,24.7,24.9,24.9
Guaduas,2306517,1015420,942300,Guaduas,R. Negro,2014,24.8,25,23.7,23.7,22.9,25.1,25.5,25.4,24.7,23.6,23,24
Guaduas,2306517,1015420,942300,Guaduas,R. Negro,2015,22.6,23.2,22.9,23.8,24.5,25,25.8,26.8,26.6,24.6,24.3,26.1
Guaduas,2306517,1015420,942300,Guaduas,R. Negro,2016,0,23.8,24.9,23.5,24.3,23.7,25.3,26.5,0,0,21.9,22.2
La Esperanza,2120647,1012750,961000,La Mesa,R. Apulo,1993,0,0,0,0,0,0,20.5,21.4,20.9,20.2,19.600000000000001,20.2
La Esperanza,2120647,1012750,961000,La Mesa,R. Apulo,1994,21,20.100000000000001,19.7,20.8,21.1,21.4,21.5,21.8,21.9,21,20.6,0
La Esperanza,2120647,1012750,961000,La Mesa,R. Apulo,1995,21.7,22.3,21.2,21.3,21.1,21,20.6,20.6,21.4,20.8,20.3,20.6
La Esperanza,2120647,1012750,961000,La Mesa,R. Apulo,1996,20.8,20.399999999999999,20.6,20.8,20.3,21.1,20.7,22.5,23.1,20.9,20.100000000000001,20.8
La Esperanza,2120647,1012750,961000,La Mesa,R. Apulo,1997,21.2,20.5,21.6,21.5,22.2,21.4,21.6,23.1,0,0,21.1,21.4
La Esperanza,2120647,1012750,961000,La Mesa,R. Apulo,1998,21.8,21.5,21.7,21.3,20.5,20.5,20,20.3,21,0,19.600000000000001,20
La Esperanza,2120647,1012750,961000,La Mesa,R. Apulo,1999,0,19.600000000000001,21.6,21.9,21.5,21,21.8,22.3,22.4,23.2,24.1,20.8
La Esperanza,2120647,1012750,961000,La Mesa,R. Apulo,2000,20.8,20.7,18.899999999999999,19.5,19.100000000000001,19.5,20.100000000000001,20.6,19.899999999999999,19.8,19.3,20.399999999999999
La Esperanza,2120647,1012750,961000,La Mesa,R. Apulo,2001,20.7,20.399999999999999,24.1,24.5,24.7,24.6,24.8,26,24.3,24.7,23.9,20.8
La Esperanza,2120647,1012750,961000,La Mesa,R. Apulo,2002,21.3,21.9,21.8,20.100000000000001,20.6,19.399999999999999,19.899999999999999,20.7,21,21,19.899999999999999,20.5
La Esperanza,2120647,1012750,961000,La Mesa,R. Apulo,2003,21.7,21.3,21,20.399999999999999,18.899999999999999,26.6,21.4,0,21.9,22.4,19.399999999999999,16.2
La Esperanza,2120647,1012750,961000,La Mesa,R. Apulo,2004,15.9,19,22,27,27.5,27.5,26.4,19,18.600000000000001,17.899999999999999,18.399999999999999,18.5
La Esperanza,2120647,1012750,961000,La Mesa,R. Apulo,2005,19.5,19.8,0,0,0,0,0,0,0,0,0,20.3
La Esperanza,2120647,1012750,961000,La Mesa,R. Apulo,2006,21.4,21.7,20,20.2,22.3,21.9,21.2,22.3,21.5,21.7,20.399999999999999,19.399999999999999
La Esperanza,2120647,1012750,961000,La Mesa,R. Apulo,2007,22.5,21.9,20.2,20.5,0,0,19.2,18.2,20.399999999999999,20.399999999999999,20.399999999999999,19.2
La Esperanza,2120647,1012750,961000,La Mesa,R. Apulo,2008,20.3,19.899999999999999,20.6,20.9,20.399999999999999,20.5,21.7,21.1,21.1,20.3,19,19.600000000000001
La Esperanza,2120647,1012750,961000,La Mesa,R. Apulo,2009,19.600000000000001,20.399999999999999,20.6,0,0,0,0,22.2,23,21.8,20.9,21.7
La Esperanza,2120647,1012750,961000,La Mesa,R. Apulo,2010,22.2,21.6,21.8,20.7,20.9,20,19.399999999999999,20.3,20.2,20.3,19.8,19.3
La Esperanza,2120647,1012750,961000,La Mesa,R. Apulo,2011,20.100000000000001,20.5,20.399999999999999,19.8,20.5,19.600000000000001,20.3,21.1,20.8,20,20,20.2
La Esperanza,2120647,1012750,961000,La Mesa,R. Apulo,2012,20.9,20.9,20.8,20.5,21.1,21.6,22,22.6,23,22.3,22,22.5
La Esperanza,2120647,1012750,961000,La Mesa,R. Apulo,2013,0,0,0,0,18.899999999999999,19.600000000000001,20.6,20,21,20.100000000000001,20.399999999999999,0
La Esperanza,2120647,1012750,961000,La Mesa,R. Apulo,2014,19.399999999999999,20.3,19.899999999999999,21.2,21.7,21.6,22.7,22.5,22.7,22,20.7,21
La Esperanza,2120647,1012750,961000,La Mesa,R. Apulo,2015,21.3,21.4,21.6,21.9,22.4,21.5,22.1,23.2,22.8,0,0,0
La Esperanza,2120647,1012750,961000,La Mesa,R. Apulo,2016,11.7,18.600000000000001,21.1,20,20.3,16.8,0,18.899999999999999,18.5,0,0,16.7
Esc Vocacional Pacho,2306507,1061600,988700,Pacho,R. Negro,1966,0,0,0,0,0,15.9,16,16.399999999999999,16,16.100000000000001,15.7,15.8
Esc Vocacional Pacho,2306507,1061600,988700,Pacho,R. Negro,1967,16.5,16.899999999999999,16.600000000000001,17,17.399999999999999,16.3,15.8,16.3,16.3,16.2,16.3,16.899999999999999
Esc Vocacional Pacho,2306507,1061600,988700,Pacho,R. Negro,1968,16.7,16.100000000000001,16.399999999999999,16.2,16.100000000000001,15.6,16.8,17.2,16.3,15.2,15.3,15.5
Esc Vocacional Pacho,2306507,1061600,988700,Pacho,R. Negro,1969,15.3,16.2,16.3,15.9,16.3,16.399999999999999,19.100000000000001,17.899999999999999,18.899999999999999,17.2,17.7,17.600000000000001
Esc Vocacional Pacho,2306507,1061600,988700,Pacho,R. Negro,1970,15.8,16,16.399999999999999,15.9,15.2,15.7,15.2,15,15,14.6,14.5,14.6
Esc Vocacional Pacho,2306507,1061600,988700,Pacho,R. Negro,1971,14.8,14.2,14.8,14.7,14.7,15,15.6,14.4,14.7,14.6,14.1,14.3
Esc Vocacional Pacho,2306507,1061600,988700,Pacho,R. Negro,1972,14.8,14.8,15.3,16.100000000000001,16.5,17.100000000000001,17.899999999999999,17,17.100000000000001,16.399999999999999,16.100000000000001,16.3
Esc Vocacional Pacho,2306507,1061600,988700,Pacho,R. Negro,1973,16.399999999999999,16.899999999999999,16.5,16,15.6,15.6,16,15.1,14.7,15.4,15.3,14
Esc Vocacional Pacho,2306507,1061600,988700,Pacho,R. Negro,1974,14.2,14.3,14.5,15.2,15.1,15.5,15.7,16.100000000000001,14.2,14.6,14.2,14.8
Esc Vocacional Pacho,2306507,1061600,988700,Pacho,R. Negro,1975,15.1,14.4,14.8,14.9,14.5,15.6,14.8,15.5,15.5,15.5,15.5,14.1
Esc Vocacional Pacho,2306507,1061600,988700,Pacho,R. Negro,1976,15,15.3,15.6,15.7,16.5,16.100000000000001,17.399999999999999,16.899999999999999,17.8,15.8,15.6,16.2
Esc Vocacional Pacho,2306507,1061600,988700,Pacho,R. Negro,1977,16,16.3,17.899999999999999,16.100000000000001,16.600000000000001,16.8,17.7,17.100000000000001,18.600000000000001,17.2,16.5,16.7
Esc Vocacional Pacho,2306507,1061600,988700,Pacho,R. Negro,1978,16.3,17.8,16.5,16.600000000000001,16.899999999999999,16.2,17.100000000000001,17.100000000000001,16.399999999999999,16.5,0,16.3
Esc Vocacional Pacho,2306507,1061600,988700,Pacho,R. Negro,1979,16.100000000000001,16.3,16.5,17.100000000000001,16.600000000000001,16.8,17.3,16.7,16.3,16.5,16.8,16.5
Esc Vocacional Pacho,2306507,1061600,988700,Pacho,R. Negro,1980,0,14.7,15.9,15.2,15.4,16,16.3,15.4,16,15.5,15,15.1
Esc Vocacional Pacho,2306507,1061600,988700,Pacho,R. Negro,1981,14.4,14.7,15.6,14.7,14.4,15,15,14.7,14.9,14.1,14.6,14.4
Esc Vocacional Pacho,2306507,1061600,988700,Pacho,R. Negro,1982,14.7,14.6,14.7,14.6,15.1,15.7,15.9,16.899999999999999,15.7,0,14.4,13.9
Esc Vocacional Pacho,2306507,1061600,988700,Pacho,R. Negro,1983,15.5,15.8,15.6,14.8,15.9,16.2,16.399999999999999,0,0,0,0,19.3
Esc Vocacional Pacho,2306507,1061600,988700,Pacho,R. Negro,1984,13.4,13.9,14.7,14.3,14,13.7,13.3,13.1,12.6,13.2,12.7,13.2
Esc Vocacional Pacho,2306507,1061600,988700,Pacho,R. Negro,1985,13.2,13.9,14.8,14.3,14.7,15.4,13.9,13.2,13.6,13,13.3,13.7
Esc Vocacional Pacho,2306507,1061600,988700,Pacho,R. Negro,1991,17.7,17.8,17.7,17.600000000000001,17.7,17.5,17.5,17.2,17.8,16.600000000000001,16.3,16.7
Esc Vocacional Pacho,2306507,1061600,988700,Pacho,R. Negro,1992,17.600000000000001,18.3,19,18.899999999999999,18.600000000000001,19.600000000000001,18.3,19.5,18.3,18.2,17.5,18.3
Esc Vocacional Pacho,2306507,1061600,988700,Pacho,R. Negro,1993,17.899999999999999,17.8,17.899999999999999,18.2,18.100000000000001,19.399999999999999,18,19.399999999999999,17.5,18.3,17.3,17.2
Esc Vocacional Pacho,2306507,1061600,988700,Pacho,R. Negro,1994,16.7,17.100000000000001,17.3,17.600000000000001,17.600000000000001,17.100000000000001,17,17.100000000000001,18,16.100000000000001,15.8,16.3
Esc Vocacional Pacho,2306507,1061600,988700,Pacho,R. Negro,1995,16.399999999999999,16.5,15.2,15.8,15.8,15.4,15.7,15.2,16.100000000000001,15.5,15.4,15.1
Esc Vocacional Pacho,2306507,1061600,988700,Pacho,R. Negro,1996,16.2,16.3,16.2,16.899999999999999,16.600000000000001,17.2,16.899999999999999,16.5,16.899999999999999,16.7,16.899999999999999,16.3
Esc Vocacional Pacho,2306507,1061600,988700,Pacho,R. Negro,1997,16.399999999999999,17.899999999999999,17.899999999999999,18.3,19.3,18.5,19.899999999999999,20.8,19.7,19.7,17.100000000000001,17.7
Esc Vocacional Pacho,2306507,1061600,988700,Pacho,R. Negro,1998,17.7,19,18.899999999999999,18.2,18.3,19.2,18.899999999999999,19.100000000000001,18.8,18.5,17.399999999999999,16.600000000000001
Esc Vocacional Pacho,2306507,1061600,988700,Pacho,R. Negro,1999,0,12,16,15.4,15.2,14.7,18.5,15.6,12.1,17.3,16,18.899999999999999
Esc Vocacional Pacho,2306507,1061600,988700,Pacho,R. Negro,2000,17.899999999999999,14.9,0,18,14.5,15.1,15,15.5,13.5,15.4,15,14.9
Esc Vocacional Pacho,2306507,1061600,988700,Pacho,R. Negro,2001,14.1,16.5,16.3,17.8,14.2,12.5,13.7,14.5,11,12.6,10.7,12
Esc Vocacional Pacho,2306507,1061600,988700,Pacho,R. Negro,2002,12.4,12.1,10.1,13.8,17.3,16.100000000000001,17.100000000000001,18.3,16.899999999999999,16,15.7,15.6
Esc Vocacional Pacho,2306507,1061600,988700,Pacho,R. Negro,2003,17.5,15.5,16.7,16.8,18.5,16.2,14.9,16.3,15.4,14.5,12.9,12.4
Esc Vocacional Pacho,2306507,1061600,988700,Pacho,R. Negro,2004,12,13,13.8,12.7,12,15.8,15,16.8,14.2,13.4,12.5,12.3
Esc Vocacional Pacho,2306507,1061600,988700,Pacho,R. Negro,2005,14,14.1,16.600000000000001,17,16.600000000000001,16.8,17.5,16.5,16.8,14.3,15.2,16.7
Esc Vocacional Pacho,2306507,1061600,988700,Pacho,R. Negro,2006,0,0,0,0,0,0,13.4,15.5,17.100000000000001,16.899999999999999,16.2,0
Esc Vocacional Pacho,2306507,1061600,988700,Pacho,R. Negro,2007,13.9,16.3,0,0,0,0,17.2,15.8,17.7,16.399999999999999,18.2,15.5
Esc Vocacional Pacho,2306507,1061600,988700,Pacho,R. Negro,2008,15.6,15,14.4,14.6,14.6,15.2,16.899999999999999,17,17.600000000000001,17.899999999999999,17.8,17.3
Esc Vocacional Pacho,2306507,1061600,988700,Pacho,R. Negro,2009,17.3,18,18.600000000000001,19.3,19.5,19.8,20.9,0,0,0,16.899999999999999,16.3
Esc Vocacional Pacho,2306507,1061600,988700,Pacho,R. Negro,2010,16.5,17.399999999999999,17.5,16.600000000000001,16.7,16.399999999999999,15.3,15.7,15.4,15.8,15.1,14.7
Esc Vocacional Pacho,2306507,1061600,988700,Pacho,R. Negro,2011,14.7,17.399999999999999,17.2,17,17.5,17.100000000000001,16.5,19.2,18.3,17.100000000000001,17.3,19
Esc Vocacional Pacho,2306507,1061600,988700,Pacho,R. Negro,2012,19.100000000000001,19.2,19.600000000000001,18.399999999999999,18.5,18.399999999999999,18.899999999999999,19.399999999999999,19.3,18,18,18.100000000000001
Esc Vocacional Pacho,2306507,1061600,988700,Pacho,R. Negro,2013,18.3,17,0,0,17.899999999999999,18.3,18.2,15.7,14.7,0,17.7,17.8
Esc Vocacional Pacho,2306507,1061600,988700,Pacho,R. Negro,2014,18,18,17.2,18.7,18.2,19.100000000000001,19.600000000000001,18.600000000000001,18.899999999999999,17.5,17.5,17.7
Esc Vocacional Pacho,2306507,1061600,988700,Pacho,R. Negro,2015,19.899999999999999,19.7,18.5,18.899999999999999,21.3,21.5,21.6,20.2,21.4,19.3,19.7,19.600000000000001
Esc Vocacional Pacho,2306507,1061600,988700,Pacho,R. Negro,2016,18.899999999999999,19.100000000000001,19.3,18.899999999999999,19.100000000000001,18.3,19.7,20,18.5,18.3,18.2,18.100000000000001
Esc Samper Madrid,2120641,988200,948800,Apulo,R. Calandaima,1991,24.5,25.5,25.4,25.7,24.8,25,25.5,25.6,26.4,24.2,23.5,25
Esc Samper Madrid,2120641,988200,948800,Apulo,R. Calandaima,1992,25.3,24.7,25.9,24.6,24.2,24,23.9,24.8,24.2,24,23.8,23.4
Esc Samper Madrid,2120641,988200,948800,Apulo,R. Calandaima,1993,22.9,24.6,24.7,25.2,24.9,24.5,24.6,25.2,24.6,24.4,24.2,0
Esc Samper Madrid,2120641,988200,948800,Apulo,R. Calandaima,1994,24.1,24.6,24.2,24.6,19.5,19.2,19.5,21.7,24.8,23.1,23.1,23.6
Esc Samper Madrid,2120641,988200,948800,Apulo,R. Calandaima,1995,24,25.6,24.3,24.4,24.4,23.9,24.7,23.7,24.2,23.6,26,23.9
Esc Samper Madrid,2120641,988200,948800,Apulo,R. Calandaima,1996,22.9,22.6,21.8,24.1,24.1,24.3,24.6,25.4,25.3,24.2,24.5,23.3
Esc Samper Madrid,2120641,988200,948800,Apulo,R. Calandaima,1997,24.8,24.1,28.3,24.3,24.3,25.2,24.9,27.5,26.9,26.7,25.8,25.3
Esc Samper Madrid,2120641,988200,948800,Apulo,R. Calandaima,1998,20.9,23.3,23.7,23.3,24.7,25,24.8,26,24.9,24.6,24.4,24.7
Esc Samper Madrid,2120641,988200,948800,Apulo,R. Calandaima,1999,25.4,24.7,23.9,21,20.399999999999999,20.9,21.8,24.3,23.1,22.8,24.3,24.5
Esc Samper Madrid,2120641,988200,948800,Apulo,R. Calandaima,2000,24.3,24.2,24.5,23.3,24.9,25.4,25.5,27.3,24.6,23.6,23.6,26.4
Esc Samper Madrid,2120641,988200,948800,Apulo,R. Calandaima,2001,0,23.5,26.1,26.4,26.2,26.3,28.1,27.4,27.3,25.3,25.3,22
Esc Samper Madrid,2120641,988200,948800,Apulo,R. Calandaima,2002,29,28.9,28.9,28.3,27.4,25.9,27,27.2,24.2,23.1,23.4,23.7
Esc Samper Madrid,2120641,988200,948800,Apulo,R. Calandaima,2003,24.1,26.5,25.4,25.1,25.2,24.8,0,0,0,0,0,0
Esc Samper Madrid,2120641,988200,948800,Apulo,R. Calandaima,2006,0,0,0,0,0,0,0,0,0,0,27.5,24.2
Esc Samper Madrid,2120641,988200,948800,Apulo,R. Calandaima,2007,24,24.3,24.1,25,0,0,0,0,0,0,23.1,24
Esc Samper Madrid,2120641,988200,948800,Apulo,R. Calandaima,2008,23.9,24.2,24.5,24.2,24.2,25.1,25.6,25.8,26.1,25.8,25.5,26.3
Esc Samper Madrid,2120641,988200,948800,Apulo,R. Calandaima,2009,26,26.2,26.3,26.6,26.4,0,0,26,27.4,27.4,25.1,25.3
Esc Samper Madrid,2120641,988200,948800,Apulo,R. Calandaima,2010,26.1,27.2,27.5,26.8,26.3,25.5,25.5,24.7,24.2,24.2,23.5,23.8
Esc Samper Madrid,2120641,988200,948800,Apulo,R. Calandaima,2011,24.3,23.5,23.9,24.5,25.4,25.7,25.6,24.4,24.6,24.5,24.7,24.7
Esc Samper Madrid,2120641,988200,948800,Apulo,R. Calandaima,2012,24.9,25.5,26.4,26.8,27.6,28.6,28.6,29.1,29.9,27.7,27.5,27.9
Esc Samper Madrid,2120641,988200,948800,Apulo,R. Calandaima,2013,30,0,0,0,0,0,0,16,21.1,34.6,36.5,27.9
Esc Samper Madrid,2120641,988200,948800,Apulo,R. Calandaima,2014,29.1,30,29.8,28.8,27.6,27.9,28.6,28.4,0,0,28.5,28.9
Esc Samper Madrid,2120641,988200,948800,Apulo,R. Calandaima,2015,29,29.4,30.3,30.7,29.3,28.9,27.8,28.8,30.1,30.7,0,0
Doña Juana,2120630,992300,993700,Santafé de Bogotá,R. Tunjuelo,1991,11.9,12.1,12.5,11.7,10.9,10.3,10.1,10.7,11.7,11.6,12.3,13.1
Doña Juana,2120630,992300,993700,Santafé de Bogotá,R. Tunjuelo,1992,13.1,12.8,13.4,13.5,12.7,11.3,10,11.3,11.7,11.9,12.2,12.5
Doña Juana,2120630,992300,993700,Santafé de Bogotá,R. Tunjuelo,1993,12.4,12.6,0,0,0,0,0,11.8,12.3,13,12.9,13.2
Doña Juana,2120630,992300,993700,Santafé de Bogotá,R. Tunjuelo,1994,11.6,11.1,11.4,11.9,12.5,11.9,11.4,11.5,12.8,13.7,13.1,13.4
Doña Juana,2120630,992300,993700,Santafé de Bogotá,R. Tunjuelo,1995,12.4,13.6,13.4,14,13.1,13,12.6,13,13.3,12.9,13.9,13
Doña Juana,2120630,992300,993700,Santafé de Bogotá,R. Tunjuelo,1996,12.1,11.9,12.1,12.4,11.9,11.5,9.6,10,10.4,11.1,10.6,10.5
Doña Juana,2120630,992300,993700,Santafé de Bogotá,R. Tunjuelo,1997,10.8,10.7,11,11.7,12.8,12.7,10.6,11.6,13.1,14,13.9,13.8
Doña Juana,2120630,992300,993700,Santafé de Bogotá,R. Tunjuelo,1998,14.4,15.3,15.1,15.5,13.2,13.8,13.3,14.1,14.1,14.7,14.9,0
Doña Juana,2120630,992300,993700,Santafé de Bogotá,R. Tunjuelo,1999,0,0,13.3,13.3,12.5,13.8,0,12.7,0,0,0,0
Doña Juana,2120630,992300,993700,Santafé de Bogotá,R. Tunjuelo,2000,0,0,0,0,0,0,0,9.699999999999999,10.6,10.3,0,0
Doña Juana,2120630,992300,993700,Santafé de Bogotá,R. Tunjuelo,2001,13,12.2,12.8,12.7,13,11.2,11.7,11.4,12.1,13.4,13.2,14.2
Doña Juana,2120630,992300,993700,Santafé de Bogotá,R. Tunjuelo,2002,13.1,14.6,14,13.4,12.8,11.5,12.4,11.1,12.3,12.2,0,12.4
Doña Juana,2120630,992300,993700,Santafé de Bogotá,R. Tunjuelo,2003,12.8,12,12.8,11.7,11.7,25.1,0,0,0,0,0,0
Doña Juana,2120630,992300,993700,Santafé de Bogotá,R. Tunjuelo,2004,0,0,0,0,0,0,0,11.3,12.1,12.6,12.9,12.7
Doña Juana,2120630,992300,993700,Santafé de Bogotá,R. Tunjuelo,2005,13,0,0,0,0,0,0,0,0,0,0,0
Doña Juana,2120630,992300,993700,Santafé de Bogotá,R. Tunjuelo,2006,12.9,14.3,13.5,13.7,13.7,13.1,12.2,12.9,13.3,13.4,13.6,13.1
Doña Juana,2120630,992300,993700,Santafé de Bogotá,R. Tunjuelo,2007,12.1,11.4,11.3,11,0,0,0,0,0,8,8.6,7.9
Doña Juana,2120630,992300,993700,Santafé de Bogotá,R. Tunjuelo,2008,12.2,11.7,11.7,11.9,12.2,11.6,11,11.8,11.6,11.9,12.2,11.9
Doña Juana,2120630,992300,993700,Santafé de Bogotá,R. Tunjuelo,2009,11.2,12.3,12.4,13,12.8,12.4,11.6,12.6,12.3,12.6,13,12.4
Doña Juana,2120630,992300,993700,Santafé de Bogotá,R. Tunjuelo,2010,12.5,13.7,13.1,13,12.6,12,12.2,11.4,11.4,11.8,11.9,11.8
Doña Juana,2120630,992300,993700,Santafé de Bogotá,R. Tunjuelo,2011,11.7,11.9,11.9,12.3,12.2,11.5,10.8,11.5,11.2,11.4,11.2,11.2
Doña Juana,2120630,992300,993700,Santafé de Bogotá,R. Tunjuelo,2012,11.4,11.6,12.8,12.1,10.6,11.9,12.3,12.7,13.4,14.2,13.8,13.8
Doña Juana,2120630,992300,993700,Santafé de Bogotá,R. Tunjuelo,2013,0,0,0,0,0,0,0,15.6,12.7,15.9,17.8,0
Doña Juana,2120630,992300,993700,Santafé de Bogotá,R. Tunjuelo,2014,12.9,13.6,13.5,13.2,13.4,12.2,11.8,11.6,12.4,12.6,13,12.6
Doña Juana,2120630,992300,993700,Santafé de Bogotá,R. Tunjuelo,2015,11.4,13.1,13,19.399999999999999,13.2,11.9,12.3,12.3,12.9,12.8,13,13.8
Doña Juana,2120630,992300,993700,Santafé de Bogotá,R. Tunjuelo,2016,14.7,14.2,14.9,14,13.7,12.9,12.8,12.2,0,0,13.4,13.7
Checua,2120540,1057500,1024110,Nemocón,R. Checua,1961,12.2,10.7,12.7,12.5,12.2,11.7,11.9,11.7,11.5,12,11.7,11.1
Checua,2120540,1057500,1024110,Nemocón,R. Checua,1962,11.4,12,11.5,12,11.4,10.8,10.8,10.9,10.9,11.7,11.4,11.1
Checua,2120540,1057500,1024110,Nemocón,R. Checua,1963,11.5,11.5,12.3,11.8,12.3,11.4,11.2,11.4,11,11.7,11.7,11.6
Checua,2120540,1057500,1024110,Nemocón,R. Checua,1964,10.7,11.6,12.2,12,11.5,11.1,10.3,11.5,10.5,10.8,11.1,11.1
Checua,2120540,1057500,1024110,Nemocón,R. Checua,1965,11.7,11.3,12.9,11.8,11.5,10.7,11.3,11,11.6,12,12.2,11.4
Checua,2120540,1057500,1024110,Nemocón,R. Checua,1966,11.1,12,11.8,12,12,11.7,11,11,11.1,11.5,11.4,11.5
Checua,2120540,1057500,1024110,Nemocón,R. Checua,1967,10.4,12,11.7,11.1,11.4,10.4,10,10.1,10.1,11,11.6,10.7
Checua,2120540,1057500,1024110,Nemocón,R. Checua,1968,10.3,11.7,11.5,11.7,11.3,10.6,10.1,10.3,10.6,11.3,11.2,10.199999999999999
Checua,2120540,1057500,1024110,Nemocón,R. Checua,1969,10.4,12,12.2,12.5,11.8,11.3,10.199999999999999,10.6,11,11.2,11.2,10.7
Checua,2120540,1057500,1024110,Nemocón,R. Checua,1970,10.8,11.3,12.3,12.5,12.1,11.3,10.9,10.9,10.8,11.3,11.6,10.8
Checua,2120540,1057500,1024110,Nemocón,R. Checua,1971,11.8,10.3,12.3,12.1,12.6,11.3,11.8,10.4,11.8,12.1,10.9,10.5
Checua,2120540,1057500,1024110,Nemocón,R. Checua,1972,13.5,13.8,15,14.7,14.7,13.9,13.5,13.6,13.9,13.9,14.5,14.4
Checua,2120540,1057500,1024110,Nemocón,R. Checua,1973,13.9,14.5,15.5,14.9,14.4,13.4,12.9,13.2,12.8,13.1,13.6,12.9
Checua,2120540,1057500,1024110,Nemocón,R. Checua,1974,12.4,14,13.5,13.4,12.9,12.9,12.7,12.7,12.7,12.8,14,12.5
Checua,2120540,1057500,1024110,Nemocón,R. Checua,1975,12.7,13.5,13.4,13.8,13.5,13.1,13,13.1,13.1,13.1,13.9,13.1
Checua,2120540,1057500,1024110,Nemocón,R. Checua,1976,13.3,14,14.2,13.6,13.1,12.5,12.3,12.4,13,14.1,13.7,13.4
Checua,2120540,1057500,1024110,Nemocón,R. Checua,1977,13.9,14.3,14.8,14.8,14.2,13.9,13.7,14,13.8,14.5,14.4,14.1
Checua,2120540,1057500,1024110,Nemocón,R. Checua,1978,13.6,14.5,14.4,14.5,14.2,13.6,13.5,13.2,13.3,13.5,11.7,11.4
Checua,2120540,1057500,1024110,Nemocón,R. Checua,1979,11.9,11.3,12.4,12.4,11.7,11.6,11.3,11.6,11.8,12.1,11.1,10
Checua,2120540,1057500,1024110,Nemocón,R. Checua,1980,10.4,10.5,10.9,11,10.8,10.3,10.4,9.699999999999999,10.6,10.5,10.9,10.6
Checua,2120540,1057500,1024110,Nemocón,R. Checua,1981,10.199999999999999,11.4,13.4,12.6,13.3,13.3,12.9,13.3,12.9,13.7,14.4,13.3
Checua,2120540,1057500,1024110,Nemocón,R. Checua,1982,13.3,12.8,12.4,12.8,13.5,13.4,14.7,14.1,14.2,13.3,13.5,12.9
Checua,2120540,1057500,1024110,Nemocón,R. Checua,1983,13.7,14.4,14.1,14.2,14,13.3,14,14.1,14.2,14.3,14.5,14.4
Checua,2120540,1057500,1024110,Nemocón,R. Checua,1984,14,14.5,15.6,15.8,15.7,14.8,14.6,14.9,14.9,15,15.2,14.7
Checua,2120540,1057500,1024110,Nemocón,R. Checua,1985,15.2,14,15.6,15.7,15.5,14.9,14.9,15,15.4,15.6,15.7,15.5
Checua,2120540,1057500,1024110,Nemocón,R. Checua,1986,17.100000000000001,17.3,17.600000000000001,17.5,17.600000000000001,17.100000000000001,15.8,17,16.3,14.7,14.4,14.2
Checua,2120540,1057500,1024110,Nemocón,R. Checua,1987,14.2,13.4,13.4,13.3,13,12.6,13,12.6,12.9,13.4,15.1,14.1
Checua,2120540,1057500,1024110,Nemocón,R. Checua,1988,12.2,13,12.3,13.7,14.4,14.1,13.9,14.4,14.1,14.1,15,13.9
Checua,2120540,1057500,1024110,Nemocón,R. Checua,1991,14.8,15.8,15.8,15.6,13.7,13.2,12.7,12,13.3,12.7,12.8,13.9
Checua,2120540,1057500,1024110,Nemocón,R. Checua,1992,13.9,14.2,15,15,14.8,13.8,12.8,13.4,13.6,13.6,14.1,14.7
Checua,2120540,1057500,1024110,Nemocón,R. Checua,1993,14,15.1,15,15.3,15.3,14.3,13.7,14.4,14.5,14.2,15.5,14.6
Checua,2120540,1057500,1024110,Nemocón,R. Checua,1994,14.6,15.4,16.3,16.3,16.3,15.6,14.9,15.2,16,15.1,14.4,14
Checua,2120540,1057500,1024110,Nemocón,R. Checua,1995,14.2,15.3,15.1,15.7,13.9,14.3,13.6,14.4,13.9,14.2,15.4,14.7
Checua,2120540,1057500,1024110,Nemocón,R. Checua,1996,14.5,13.7,14.6,16.3,16.399999999999999,16,16,15.2,14.9,13.5,13.5,12.7
Checua,2120540,1057500,1024110,Nemocón,R. Checua,1997,13.7,13.4,14.4,13.9,13.5,13.3,12.4,12.7,13.9,14.5,14.5,15
Checua,2120540,1057500,1024110,Nemocón,R. Checua,1998,15.2,16.399999999999999,16,16.600000000000001,15.6,14.3,14.1,14.7,15.1,15.2,15.7,15.4
Checua,2120540,1057500,1024110,Nemocón,R. Checua,1999,0,14.7,14.6,12.8,13,12.9,11.7,12.1,12.2,12.6,13,13.1
Checua,2120540,1057500,1024110,Nemocón,R. Checua,2000,12.3,13.1,14.1,13.6,13.6,13.5,12.4,12.3,13.5,13.6,14,14.2
Checua,2120540,1057500,1024110,Nemocón,R. Checua,2001,13.3,13.7,15.1,14.2,14.9,13.5,13.1,12.9,14,14.1,14,14.7
Checua,2120540,1057500,1024110,Nemocón,R. Checua,2002,13.8,16,16.7,15.8,16,15,15.2,14.5,14.6,15.4,14.7,13.7
Checua,2120540,1057500,1024110,Nemocón,R. Checua,2003,13.9,13.3,14,13.9,14.1,14.1,14.2,13.8,14.2,14.8,15,13.2
Checua,2120540,1057500,1024110,Nemocón,R. Checua,2004,12.6,11.9,12.7,13.4,13.2,12.1,11.6,12.9,12.8,13.6,13.7,13.5
Checua,2120540,1057500,1024110,Nemocón,R. Checua,2005,13.6,14.6,15,14.5,14.5,13.4,14.2,14.6,13.3,14.1,14.9,14.2
Checua,2120540,1057500,1024110,Nemocón,R. Checua,2006,14.6,12.4,12.7,14.1,13.4,13.4,13.3,14,14,14.6,14.5,14.6
Checua,2120540,1057500,1024110,Nemocón,R. Checua,2007,14,13.4,14.1,13.5,0,0,12.8,12.4,12.4,13.4,12.6,13.4
Checua,2120540,1057500,1024110,Nemocón,R. Checua,2008,13.9,14.6,14.6,15.1,15,14.3,14,14,12.5,12.5,12.8,12.7
Checua,2120540,1057500,1024110,Nemocón,R. Checua,2009,13.2,15.3,15.5,15.8,15.1,14.8,14.5,15,15,15.7,15.8,14.8
Checua,2120540,1057500,1024110,Nemocón,R. Checua,2010,15.4,17.5,16.8,17.399999999999999,17.2,15.8,15.6,14,14.1,14.9,15.5,14.8
Checua,2120540,1057500,1024110,Nemocón,R. Checua,2011,14.3,14.1,13.8,13.8,13.5,15,12.9,12.1,12.3,13.1,13.6,13.8
Checua,2120540,1057500,1024110,Nemocón,R. Checua,2012,13.9,14,13.1,13,12.9,12.2,11.9,12.7,11.9,12.9,13.4,12.8
Checua,2120540,1057500,1024110,Nemocón,R. Checua,2013,13.7,14.3,14.6,14.7,14.7,14.2,13.2,13.6,14.3,14.1,13.9,13.5
Checua,2120540,1057500,1024110,Nemocón,R. Checua,2014,14.2,14.7,14.7,14.5,14,14.4,13.9,13.4,14.2,14.3,14.2,12.6
Checua,2120540,1057500,1024110,Nemocón,R. Checua,2015,12.2,11.6,13.4,14.7,15.2,14.1,14.6,14.2,11.9,12.9,15.3,13.7
Checua,2120540,1057500,1024110,Nemocón,R. Checua,2016,16.100000000000001,16.3,16.2,15.7,14.9,13.5,13.3,13.2,13.5,14.9,14.4,13.8
Carrizal,2401515,1067328,1034304,Cucunuba,Lag. Suesca,1965,8.4,10.1,10.8,10.6,10.1,9.1,7.8,8.1,9,9.6,10.1,9.800000000000001
Carrizal,2401515,1067328,1034304,Cucunuba,Lag. Suesca,1966,9.800000000000001,10.199999999999999,9.6,10,10.199999999999999,9.9,8.699999999999999,8.9,9.199999999999999,10,10,9.800000000000001
Carrizal,2401515,1067328,1034304,Cucunuba,Lag. Suesca,1967,8.800000000000001,10,9.800000000000001,9.4,9.6,8.6,8,7.9,8.1,8.800000000000001,9.9,9.1
Carrizal,2401515,1067328,1034304,Cucunuba,Lag. Suesca,1968,8.6,9.800000000000001,9.4,9.9,9.4,8.699999999999999,8.300000000000001,8.1,9.199999999999999,9.9,9.9,9.199999999999999
Carrizal,2401515,1067328,1034304,Cucunuba,Lag. Suesca,1969,10.5,11.8,12.1,12.2,12.2,11.7,10,10.5,11.2,11.3,11.7,12
Carrizal,2401515,1067328,1034304,Cucunuba,Lag. Suesca,1970,11.4,12.3,11.8,12.1,11.8,11.4,10.6,10.7,10.7,11.8,12.3,11.2
Carrizal,2401515,1067328,1034304,Cucunuba,Lag. Suesca,1971,11.6,11.5,12.2,11.8,11.8,10.8,10.199999999999999,10.1,10.5,11.5,11.2,10.8
Carrizal,2401515,1067328,1034304,Cucunuba,Lag. Suesca,1972,11.5,11.4,12,12.1,12.1,11.4,10.8,11,11.3,11.6,12.3,12.2
Carrizal,2401515,1067328,1034304,Cucunuba,Lag. Suesca,1973,12.4,13,13.8,12.9,11.8,11.6,11.1,11.5,11.7,11.6,12.3,11.5
Carrizal,2401515,1067328,1034304,Cucunuba,Lag. Suesca,1974,11.4,12.1,12.5,11.7,11.5,12.3,11.1,11.9,11.6,12.4,12.9,12.3
Carrizal,2401515,1067328,1034304,Cucunuba,Lag. Suesca,1975,11.9,12.9,12.8,13.5,13.4,12.7,12.4,12.5,13.1,13.1,13.7,13.2
Carrizal,2401515,1067328,1034304,Cucunuba,Lag. Suesca,1976,13,13.5,13.5,13.2,13,11.7,10.9,11.1,12.1,13,12.8,12.4
Carrizal,2401515,1067328,1034304,Cucunuba,Lag. Suesca,1977,13.2,13.4,13.5,13.5,12.6,12.2,11.6,11.9,11.9,13.1,13.5,13.3
Carrizal,2401515,1067328,1034304,Cucunuba,Lag. Suesca,1978,12.3,13.9,12.4,13.2,12.7,11.8,11.5,10.8,11.9,12.5,13.2,13.5
Carrizal,2401515,1067328,1034304,Cucunuba,Lag. Suesca,1979,13.6,13.6,13.6,13.2,13.2,12.5,11.3,11.9,12.4,13,13.6,12.3
Carrizal,2401515,1067328,1034304,Cucunuba,Lag. Suesca,1980,12.8,13.6,13.3,13.3,13.2,12.2,11,10.8,11.9,11.6,12.5,12.4
Carrizal,2401515,1067328,1034304,Cucunuba,Lag. Suesca,1981,12.9,12.7,13.5,12.7,12.9,11.9,10.9,11.4,11.5,12.4,13.3,12.2
Carrizal,2401515,1067328,1034304,Cucunuba,Lag. Suesca,1982,12.8,13,13.2,12.8,12.3,11.7,10.6,10.5,11.7,11.9,12,12.6
Carrizal,2401515,1067328,1034304,Cucunuba,Lag. Suesca,1983,13.2,13.3,0,0,13,11.8,10.7,0,11.1,11.7,11.9,11.7
Carrizal,2401515,1067328,1034304,Cucunuba,Lag. Suesca,1984,11.9,11.8,12.3,12.3,11.8,10.7,10.5,11.1,10.9,11.8,11.8,11.5
Carrizal,2401515,1067328,1034304,Cucunuba,Lag. Suesca,1985,11.4,11.8,12.4,12.5,12.1,10.5,10.6,10.7,11.7,12.1,11.7,11.9
Carrizal,2401515,1067328,1034304,Cucunuba,Lag. Suesca,1986,10.7,10.3,10.199999999999999,10.4,11,10.1,9.199999999999999,10.6,11.5,12.9,12.5,11.8
Carrizal,2401515,1067328,1034304,Cucunuba,Lag. Suesca,1987,12.2,11.7,12,11.4,11.4,10.8,10.7,11.2,11.9,11.5,11.1,11.3
Carrizal,2401515,1067328,1034304,Cucunuba,Lag. Suesca,1991,14.5,15,14.7,13.9,14.5,13.6,13.1,12.4,11.9,11.6,12.3,12.9
Carrizal,2401515,1067328,1034304,Cucunuba,Lag. Suesca,1992,12.8,13.4,13.7,13.3,13.1,11.7,10.6,11.1,12,11.4,13.3,13.7
Carrizal,2401515,1067328,1034304,Cucunuba,Lag. Suesca,1993,13.8,14.7,0,0,0,0,0,0,0,0,0,0
Carrizal,2401515,1067328,1034304,Cucunuba,Lag. Suesca,1994,11.2,0,11.4,11.9,11.9,10.3,12.3,12.4,13.1,13.6,13.6,11.7
Carrizal,2401515,1067328,1034304,Cucunuba,Lag. Suesca,1995,8.800000000000001,10.199999999999999,12.1,13.5,13.5,13.5,12.9,13.2,13,13.4,13.4,13.7
Carrizal,2401515,1067328,1034304,Cucunuba,Lag. Suesca,1996,13.9,12,12.5,12.5,12.5,12.5,11.6,11.1,11.7,12.5,12.5,11.6
Carrizal,2401515,1067328,1034304,Cucunuba,Lag. Suesca,1997,12.5,11.7,12.6,12.5,12,12,10.4,10.7,11.7,12.6,12.9,14
Carrizal,2401515,1067328,1034304,Cucunuba,Lag. Suesca,1998,14.2,14.9,15.1,13.4,12.3,10.7,10.3,11.5,13.1,10.9,11.3,11.9
Carrizal,2401515,1067328,1034304,Cucunuba,Lag. Suesca,1999,0,11.7,11.5,10.4,10.6,11,9.300000000000001,10.4,10.9,11.7,12.2,11.7
Carrizal,2401515,1067328,1034304,Cucunuba,Lag. Suesca,2000,10.7,10.5,11.2,11.2,10.8,10.5,10,10,11.4,11.4,11.8,10.199999999999999
Carrizal,2401515,1067328,1034304,Cucunuba,Lag. Suesca,2001,10.1,11.5,12.4,12.1,13.1,11.5,10.4,8.9,10.3,11.7,11.2,12.9
Carrizal,2401515,1067328,1034304,Cucunuba,Lag. Suesca,2002,11.6,12.5,12.2,10.7,10.4,9.199999999999999,0,0,0,0,0,0
Carrizal,2401515,1067328,1034304,Cucunuba,Lag. Suesca,2003,0,0,0,0,0,9.800000000000001,0,0,0,0,0,0
Carrizal,2401515,1067328,1034304,Cucunuba,Lag. Suesca,2011,0,0,0,0,0,0,0,0,0,0,11.7,11.5
Carrizal,2401515,1067328,1034304,Cucunuba,Lag. Suesca,2012,11.4,11.3,11.2,11.6,11.3,10.6,10.5,10.8,10.4,11.6,12,11.5
Carrizal,2401515,1067328,1034304,Cucunuba,Lag. Suesca,2013,11.9,11.5,12.1,12.4,11.9,11.4,10.3,11.3,11.8,11.5,12,11.5
Carrizal,2401515,1067328,1034304,Cucunuba,Lag. Suesca,2014,11.7,12.1,12.4,13,12.4,0,0,10.5,10.9,11.4,12.3,13.1
Carrizal,2401515,1067328,1034304,Cucunuba,Lag. Suesca,2015,11.7,0,12.3,11.7,0,0,10.8,11,11,11.7,0,0
Carrizal,2401515,1067328,1034304,Cucunuba,Lag. Suesca,2016,0,0,13.5,13,12.2,11,10.8,11.2,11.4,12.4,12.4,11.8
Boquemonte,2120661,1000000,1000000,Soacha,R. Bogotá,2010,0,13.2,13.1,13.7,13.9,12.4,12.3,12.1,12.4,12.9,13.2,12.8
Boquemonte,2120661,1000000,1000000,Soacha,R. Bogotá,2011,12.2,12.6,12.5,12.5,12.8,13,11.9,11.5,12.6,0,0,0
Boquemonte,2120661,1000000,1000000,Soacha,R. Bogotá,2012,11.7,12.2,13.9,13.8,14,12.7,12.9,12.9,12.4,12.4,12.7,12.8
Boquemonte,2120661,1000000,1000000,Soacha,R. Bogotá,2013,0,0,0,0,0,0,0,12.3,12.5,0,0,0
Boquemonte,2120661,1000000,1000000,Soacha,R. Bogotá,2014,11.8,0,0,0,12.5,12.9,13,11.9,12.5,12.5,12.3,12.3
Boquemonte,2120661,1000000,1000000,Soacha,R. Bogotá,2015,11.7,12.2,12.5,12.7,12.9,13,12.8,12.7,13.5,12.8,12.6,13.1
Boquemonte,2120661,1000000,1000000,Soacha,R. Bogotá,2016,13.3,14.7,14,13.6,13.3,12.8,12.2,12.9,12,12.2,12.5,12.4
Boquemonte,2120661,1000000,1000000,Soacha,R. Bogotá,2017,12.6,12.9,0,0,0,0,0,0,0,0,0,0
Argelia,2120644,974200,925400,Ricaurte,R. Bogotá,1992,29.6,30.4,31,29.8,28.1,29.5,29.3,31.3,30.3,30.3,25.6,26.6
Argelia,2120644,974200,925400,Ricaurte,R. Bogotá,1993,26.4,27.1,27,27.1,27,28.4,29.6,30.3,27.9,0,0,0
Argelia,2120644,974200,925400,Ricaurte,R. Bogotá,1994,0,26.4,26.4,26.4,25.7,0,0,29.3,0,0,0,0
Argelia,2120644,974200,925400,Ricaurte,R. Bogotá,1995,0,0,0,26,26.8,26.7,27.2,27.9,30.5,27.6,26.1,26.1
Argelia,2120644,974200,925400,Ricaurte,R. Bogotá,1996,26.8,27.8,27.9,27.5,27.6,27.1,27.9,30.1,0,26.1,26.8,27.7
Argelia,2120644,974200,925400,Ricaurte,R. Bogotá,1997,29,28,0,26.8,28,27.5,29.2,30.6,29.1,29.1,27.8,29.5
Argelia,2120644,974200,925400,Ricaurte,R. Bogotá,1998,29.7,29.4,29.7,27.3,27.1,0,0,0,24.9,24.8,23.5,27.4
Argelia,2120644,974200,925400,Ricaurte,R. Bogotá,1999,27.3,27.4,28,26,26,25.6,26.7,28.5,26.4,25.6,26.5,26.8
Argelia,2120644,974200,925400,Ricaurte,R. Bogotá,2000,28.4,27.8,27.4,26.8,26.6,26.2,27.9,29.3,27.1,27.6,27.3,28.6
Argelia,2120644,974200,925400,Ricaurte,R. Bogotá,2001,29.4,28.8,26.1,27.6,27.2,28.1,28.5,29.9,28.7,28,27.6,27.4
Argelia,2120644,974200,925400,Ricaurte,R. Bogotá,2002,30.1,30.3,29.1,26.4,28,27.1,28.2,32.9,29.7,28.7,27,28.4
Argelia,2120644,974200,925400,Ricaurte,R. Bogotá,2003,30.4,30.7,29.2,28.4,29.1,27.8,28.6,31.1,28.8,25.9,25.3,27.3
Argelia,2120644,974200,925400,Ricaurte,R. Bogotá,2004,27.9,28.1,28.6,27.6,27.8,29.3,28.4,29.5,29.7,29.3,29.9,30.2
Argelia,2120644,974200,925400,Ricaurte,R. Bogotá,2005,30.2,31,31.1,30.8,28,28.6,29.6,30.4,30.9,28.2,28.1,28.8
Argelia,2120644,974200,925400,Ricaurte,R. Bogotá,2006,35.700000000000003,35.700000000000003,30.8,30.1,29.8,30,31,30.6,29.5,29.8,30.3,26.8
Argelia,2120644,974200,925400,Ricaurte,R. Bogotá,2007,30.8,32,28.7,26.6,0,0,29.6,28.3,29.1,29.3,29,29.4
Argelia,2120644,974200,925400,Ricaurte,R. Bogotá,2008,29.4,29.6,30.2,25.2,24.1,24.4,24.8,23.9,25.1,23.4,23.4,23.5
Argelia,2120644,974200,925400,Ricaurte,R. Bogotá,2009,24.1,24.6,24.5,24.7,24.5,25.2,26.6,26.8,27.3,26.7,25.3,26
Argelia,2120644,974200,925400,Ricaurte,R. Bogotá,2010,25.9,28.2,28.6,24.8,26.1,25.8,26.6,30,30.2,29.9,27.8,27
Argelia,2120644,974200,925400,Ricaurte,R. Bogotá,2011,28.5,27.8,28.1,28.9,28.5,27,30.5,27.4,25.9,27,27.2,27.3
Argelia,2120644,974200,925400,Ricaurte,R. Bogotá,2012,28.3,28.4,28.5,27.4,27.9,29.4,29.8,30.2,30.7,28.4,27.7,28.7
Argelia,2120644,974200,925400,Ricaurte,R. Bogotá,2013,29.4,27.9,0,27.9,26.9,28.6,28.1,33.6,35.799999999999997,29,0,0
Argelia,2120644,974200,925400,Ricaurte,R. Bogotá,2014,28.9,29.3,28.4,29.1,27.5,28.5,30.4,30.5,30.4,28.4,28.2,0
Argelia,2120644,974200,925400,Ricaurte,R. Bogotá,2015,0,0,0,0,28.2,28.5,30.5,31.5,31.6,29.4,0,0
Argelia,2120644,974200,925400,Ricaurte,R. Bogotá,2016,0,0,30.2,28.2,28.1,28.1,28.8,30.6,29.8,27.9,27.6,27.1
Apto Guaymaral,2120559,1023950,1001550,Santafé de Bogotá,R. Bogotá,1966,12.7,13.2,12.9,12.7,13.1,12.5,11.9,11.2,10.5,11.1,11.8,11.6
Apto Guaymaral,2120559,1023950,1001550,Santafé de Bogotá,R. Bogotá,1967,10.8,11.9,12,11.8,13,11.7,10.8,11.3,11,11.4,12.4,11
Apto Guaymaral,2120559,1023950,1001550,Santafé de Bogotá,R. Bogotá,1968,10,11,10.7,12.7,12,11.6,11.7,11.5,12.1,11.9,11.9,11.1
Apto Guaymaral,2120559,1023950,1001550,Santafé de Bogotá,R. Bogotá,1969,11.7,13,13.1,14,13.4,12.8,12.1,11.9,12.5,12.7,12.6,12.5
Apto Guaymaral,2120559,1023950,1001550,Santafé de Bogotá,R. Bogotá,1970,12.2,12.8,12.5,13.4,13,12.8,12,12.3,11.7,12.7,12.8,12.3
Apto Guaymaral,2120559,1023950,1001550,Santafé de Bogotá,R. Bogotá,1971,13.2,12.8,14,13.1,14,13,12.7,12.5,12.4,13.1,12.8,12.2
Apto Guaymaral,2120559,1023950,1001550,Santafé de Bogotá,R. Bogotá,1972,13.1,12.9,13.7,13.8,15,14.5,14.1,13.5,14.1,13.9,14.3,13.9
Apto Guaymaral,2120559,1023950,1001550,Santafé de Bogotá,R. Bogotá,1973,13.9,15.1,15.7,15.4,15.4,14.8,14.6,14.3,14.3,14.3,14.8,14.4
Apto Guaymaral,2120559,1023950,1001550,Santafé de Bogotá,R. Bogotá,1974,14.2,15.2,14.9,15.6,14.8,14.8,14.3,14.4,12.9,11.9,13,10.9
Apto Guaymaral,2120559,1023950,1001550,Santafé de Bogotá,R. Bogotá,1975,11.1,12.2,12,12.3,12.1,11.8,11.2,11.4,11.7,11.4,12.1,11.4
Apto Guaymaral,2120559,1023950,1001550,Santafé de Bogotá,R. Bogotá,1976,11.2,11.4,12,11.9,12.1,11.2,10.7,10.8,11.3,11.9,11.3,11
Apto Guaymaral,2120559,1023950,1001550,Santafé de Bogotá,R. Bogotá,1977,11.4,11.7,11.8,13,12,11.8,11.6,11.7,12,12.4,12,11.6
Apto Guaymaral,2120559,1023950,1001550,Santafé de Bogotá,R. Bogotá,1978,10.8,12,11.9,12.3,12,11.5,11.3,11.8,12.2,12.8,12.1,11.9
Apto Guaymaral,2120559,1023950,1001550,Santafé de Bogotá,R. Bogotá,1979,12,11.5,13.2,13.5,13.2,15.5,14.7,15,14.9,14.7,15.3,14.6
Apto Guaymaral,2120559,1023950,1001550,Santafé de Bogotá,R. Bogotá,1980,15,14.9,15.2,15.1,14.6,14.3,14,13.3,13.7,13.3,12.6,12.9
Apto Guaymaral,2120559,1023950,1001550,Santafé de Bogotá,R. Bogotá,1981,12.4,14.2,14.7,14.8,14.9,14.5,13.6,13.7,13.9,14.1,14.3,14.1
Apto Guaymaral,2120559,1023950,1001550,Santafé de Bogotá,R. Bogotá,1982,14.2,14.1,14.5,13.8,13.7,13.6,13.2,13.3,13.7,14.4,14.3,14.7
Apto Guaymaral,2120559,1023950,1001550,Santafé de Bogotá,R. Bogotá,1983,14.5,14.7,15.1,15.1,14.9,13.9,14.4,14.1,14.1,13.9,14,13.5
Apto Guaymaral,2120559,1023950,1001550,Santafé de Bogotá,R. Bogotá,1984,13.1,0,14.1,14,14.1,13.4,13.7,14,13.6,14.1,13.7,14
Apto Guaymaral,2120559,1023950,1001550,Santafé de Bogotá,R. Bogotá,1985,14.1,13.4,14.8,14.8,14.2,13.9,13.3,14.1,14.3,14.6,14.3,14.4
Apto Guaymaral,2120559,1023950,1001550,Santafé de Bogotá,R. Bogotá,1986,14.9,14.2,14.5,15.1,14.9,14.1,13.6,13.8,14.1,14,14.7,13.5
Apto Guaymaral,2120559,1023950,1001550,Santafé de Bogotá,R. Bogotá,1987,11.7,11.5,11.9,11.7,1.2,11.3,11.9,12.9,13.3,14.3,15,15.3
Apto Guaymaral,2120559,1023950,1001550,Santafé de Bogotá,R. Bogotá,1991,13.6,14.3,14.4,14.1,13.6,13.1,12.2,11.7,12.6,9.699999999999999,9.6,12.1
Apto Guaymaral,2120559,1023950,1001550,Santafé de Bogotá,R. Bogotá,1992,13.3,13.8,14.5,14.5,14.2,13.4,12.6,13.3,13.3,13.5,13.3,13.3
Apto Guaymaral,2120559,1023950,1001550,Santafé de Bogotá,R. Bogotá,1993,13.1,13.4,13.5,13.8,12.4,11.5,11.2,11.1,11.2,11.6,11.5,11.1
Apto Guaymaral,2120559,1023950,1001550,Santafé de Bogotá,R. Bogotá,1994,10.9,11.2,11.4,12,12.2,11.3,11.1,12.2,12.4,12.5,12.5,0
Apto Guaymaral,2120559,1023950,1001550,Santafé de Bogotá,R. Bogotá,1995,12.9,13.3,14,14.5,13.8,12.7,12.3,12,12.5,12.4,13.3,13.3
Apto Guaymaral,2120559,1023950,1001550,Santafé de Bogotá,R. Bogotá,1996,13.9,13.3,14.4,14.8,14.6,15.3,14.8,15,15,15,16,14
Apto Guaymaral,2120559,1023950,1001550,Santafé de Bogotá,R. Bogotá,1997,13.3,0,12.6,13,13,12.7,12.2,12.7,12.6,13.3,12.9,13.3
Apto Guaymaral,2120559,1023950,1001550,Santafé de Bogotá,R. Bogotá,1998,13.7,15.3,13.8,14.2,13.1,12.2,11.9,11.6,11.6,11.7,11.7,0
Apto Guaymaral,2120559,1023950,1001550,Santafé de Bogotá,R. Bogotá,1999,0,0,0,0,0,12.9,11.4,11.8,13.1,13.9,16.5,15.8
Apto Guaymaral,2120559,1023950,1001550,Santafé de Bogotá,R. Bogotá,2000,15.2,0,18.2,18.399999999999999,15.2,11.4,15.4,18.399999999999999,18.600000000000001,0,0,0
Apto Guaymaral,2120559,1023950,1001550,Santafé de Bogotá,R. Bogotá,2001,0,0,0,0,12.2,12,12.5,11.5,12.7,13.7,14.5,16.2
Apto Guaymaral,2120559,1023950,1001550,Santafé de Bogotá,R. Bogotá,2002,16,17.5,18.3,14.5,14,13.6,13.1,13,13,13.9,14.3,12.8
Apto Guaymaral,2120559,1023950,1001550,Santafé de Bogotá,R. Bogotá,2003,13.1,13.5,14.6,14.8,15.3,9.699999999999999,7.2,7.7,7.3,7.4,7.4,7.7
Apto Guaymaral,2120559,1023950,1001550,Santafé de Bogotá,R. Bogotá,2004,8.5,9.300000000000001,11.3,11.2,10.8,9,9.6,10.5,10.5,9.4,8.800000000000001,8.300000000000001
Apto Guaymaral,2120559,1023950,1001550,Santafé de Bogotá,R. Bogotá,2005,8.5,9.300000000000001,11.3,11.2,10.8,9,7.2,7.3,0,0,0,0
Apto Guaymaral,2120559,1023950,1001550,Santafé de Bogotá,R. Bogotá,2007,14.8,11.3,13.6,14.5,0,0,0,13.8,13.9,13.9,14.1,14
Apto Guaymaral,2120559,1023950,1001550,Santafé de Bogotá,R. Bogotá,2008,13.7,13.8,13.9,14.3,14.1,14.4,14.2,14.4,14.3,14.7,14.8,14.2
Apto Guaymaral,2120559,1023950,1001550,Santafé de Bogotá,R. Bogotá,2009,14,14.1,14.5,14.2,14.2,13.8,14.1,14.5,14.3,14.4,14.7,13.5
Apto Guaymaral,2120559,1023950,1001550,Santafé de Bogotá,R. Bogotá,2010,14.5,15.1,15.7,15.1,14.9,14,14.6,14.4,14,13.9,13.8,13.5
Apto Guaymaral,2120559,1023950,1001550,Santafé de Bogotá,R. Bogotá,2011,14,13.8,14,14.2,14.2,14.2,13.8,13.9,13.7,14.4,14.4,14.3
Apto Guaymaral,2120559,1023950,1001550,Santafé de Bogotá,R. Bogotá,2012,14.4,13.6,14.3,14.1,14.1,14,13.9,13.7,13.9,13.7,14,14
Apto Guaymaral,2120559,1023950,1001550,Santafé de Bogotá,R. Bogotá,2013,13.9,13.9,0,0,0,0,14.4,14.6,,14.8,12.6,13.1
Apto Guaymaral,2120559,1023950,1001550,Santafé de Bogotá,R. Bogotá,2014,14.5,14.3,14.5,13.7,17.2,13.4,13.6,13.2,13.4,13.9,14.1,13.7
Apto Guaymaral,2120559,1023950,1001550,Santafé de Bogotá,R. Bogotá,2015,13.8,14.5,15.1,15.2,14.5,13.7,13.9,14,14,14.4,0,0
Apto Guaymaral,2120559,1023950,1001550,Santafé de Bogotá,R. Bogotá,2016,0,0,0,15.6,14.6,13.6,13.3,13.7,0,0,0,13.9
El Acomodo,2306516,1046310,971945,La Vega,R. Negro,2000,0,0,0,0,0,0,0,0,18,21.1,21.1,20.7
El Acomodo,2306516,1046310,971945,La Vega,R. Negro,2001,19.8,19.2,18.5,21.2,21.9,19.600000000000001,20.3,0,0,0,0,0
El Acomodo,2306516,1046310,971945,La Vega,R. Negro,2002,0,0,0,0,0,0,0,0,17.600000000000001,18.2,21.9,22.6
El Acomodo,2306516,1046310,971945,La Vega,R. Negro,2003,22,22.3,20.7,19.5,20.7,19.600000000000001,19.3,19,19.899999999999999,21.1,20.6,20.2
El Acomodo,2306516,1046310,971945,La Vega,R. Negro,2007,23.1,23.4,22.4,24.3,0,0,0,0,29.3,23.7,22.5,22
El Acomodo,2306516,1046310,971945,La Vega,R. Negro,2008,22.6,23.5,22.6,23.8,0,22.6,22.3,26.6,23.1,23,22.7,23.1
El Acomodo,2306516,1046310,971945,La Vega,R. Negro,2009,23.5,23.2,22.7,23.1,23.4,22.9,23.2,23.9,24,22.6,21.7,22.7
El Acomodo,2306516,1046310,971945,La Vega,R. Negro,2010,23.4,23.4,23.2,21.9,22.4,21.4,21.6,21.9,21.8,21.1,21.5,20.8
El Acomodo,2306516,1046310,971945,La Vega,R. Negro,2011,21.9,5,21.1,21.1,21.6,21.7,22.4,22,23,22.2,21.2,21.8
El Acomodo,2306516,1046310,971945,La Vega,R. Negro,2012,21.4,20.5,22.1,0,0,22.8,0,0,0,22.2,21.2,21.6
El Acomodo,2306516,1046310,971945,La Vega,R. Negro,2013,22.8,20.6,0,0,0,0,23.8,21.7,22.4,21,20.3,19.600000000000001
El Acomodo,2306516,1046310,971945,La Vega,R. Negro,2014,20.100000000000001,19.899999999999999,22.3,22.5,22.3,23.2,22.5,22.3,22.8,21.6,20,20.5
El Acomodo,2306516,1046310,971945,La Vega,R. Negro,2015,21.1,22,21.6,22.4,23,22.6,24.7,0,0,0,22.2,24
El Acomodo,2306516,1046310,971945,La Vega,R. Negro,2016,23.4,23.2,0,0,0,0,0,0,0,0,0,0
